City,State,Country,Lat,Lon
Huntsville,Texas,United States,45.33341,-79.21632
Huntsville,Texas,United States,34.7304,-86.58594
Huntsville,Texas,United States,30.72353,-95.55078
San Francisco,California,United States,-31.42497,-62.08404
San Francisco,California,United States,9.9938,-84.12742
San Francisco,California,United States,14.11667,-88.36667
San Francisco,California,United States,15.35566,120.84001
San Francisco,California,United States,10.6461,124.3816
San Francisco,California,United States,10.16018,124.31098
San Francisco,California,United States,8.53556,125.95
San Francisco,California,United States,13.69408,-88.10407
San Francisco,California,United States,37.77493,-122.41942
Roswell,Georgia,United States,34.02316,-84.36159
Roswell,Georgia,United States,33.39437,-104.52491
Jonesboro,Arkansas,United States,35.8423,-90.70428
Las Vegas,Nevada,United States,35.59393,-105.2239
Las Vegas,Nevada,United States,36.17497,-115.13722
Las Vegas,Nevada,United States,9.53724,-68.63022
Seattle,Washington,United States,47.60621,-122.33207
Concord,California,United States,-33.84722,151.10381
Concord,California,United States,43.80011,-79.48291
Concord,California,United States,38.5245,-90.35734
Concord,California,United States,35.40888,-80.58158
Concord,California,United States,42.46037,-71.34895
Concord,California,United States,43.20814,-71.53757
Concord,California,United States,40.60816,-74.08431
Concord,California,United States,37.97798,-122.03107
Columbia,South Carolina,United States,43.48468,-80.53349
Columbia,South Carolina,United States,38.44366,-90.20122
Columbia,South Carolina,United States,39.24038,-76.83942
Columbia,South Carolina,United States,38.95171,-92.33407
Columbia,South Carolina,United States,31.25184,-89.83758
Columbia,South Carolina,United States,34.00071,-81.03481
Columbia,South Carolina,United States,35.61507,-87.03528
Columbia,South Carolina,United States,40.03371,-76.50441
Knoxville,Tennessee,United States,35.96064,-83.92074
Knoxville,Tennessee,United States,41.32083,-93.10937
Portage,Indiana,United States,41.57587,-87.17615
Portage,Indiana,United States,42.20115,-85.58
Portage,Indiana,United States,43.53915,-89.46262
Delray Beach,Florida,United States,26.46146,-80.07282
Austin,Texas,United States,30.26715,-97.74306
Austin,Texas,United States,43.66663,-92.97464
Lake Charles,Louisiana,United States,30.21309,-93.2044
Franklin,Massachusetts,United States,-35.19946,149.14329
Franklin,Massachusetts,United States,36.72226,-86.57722
Franklin,Massachusetts,United States,29.79604,-91.5015
Franklin,Massachusetts,United States,39.55895,-84.30411
Franklin,Massachusetts,United States,35.92506,-86.86889
Franklin,Massachusetts,United States,36.67765,-76.92246
Franklin,Massachusetts,United States,39.48061,-86.05499
Franklin,Massachusetts,United States,42.08343,-71.39673
Franklin,Massachusetts,United States,43.44424,-71.6473
Franklin,Massachusetts,United States,41.39784,-79.83144
Franklin,Massachusetts,United States,42.88863,-88.03842
San Marcos,Texas,United States,8.65972,-75.12809
San Marcos,Texas,United States,14.96437,-91.79486
San Marcos,Texas,United States,14.40788,-88.95525
San Marcos,Texas,United States,20.03056,-99.33547
San Marcos,Texas,United States,16.79772,-99.38921
San Marcos,Texas,United States,11.90949,-86.20351
San Marcos,Texas,United States,13.66108,-89.18252
San Marcos,Texas,United States,29.88327,-97.94139
San Marcos,Texas,United States,33.14337,-117.16614
Vancouver,British Columbia,Canada,49.24966,-123.11934
Vancouver,British Columbia,Canada,45.63873,-122.66149
Pueblo,Colorado,United States,38.25445,-104.60914
Chester,Pennsylvania,United States,53.1905,-2.89189
Chester,Pennsylvania,United States,37.91366,-89.82205
Chester,Pennsylvania,United States,39.84753,-75.35785
Chester,Pennsylvania,United States,34.70486,-81.21426
Chester,Pennsylvania,United States,37.35682,-77.44165
Chester,Pennsylvania,United States,42.95675,-71.25728
Omaha,Nebraska,United States,41.25626,-95.94043
Atlanta,Georgia,United States,33.749,-84.38798
Atlanta,Georgia,United States,33.11374,-94.16435
Apopka,Florida,United States,28.67617,-81.51186
Hampton,Virginia,United States,-37.95,145
Hampton,Virginia,United States,51.41334,-0.36701
Hampton,Virginia,United States,33.38706,-84.28298
Hampton,Virginia,United States,39.42288,-76.58469
Hampton,Virginia,United States,37.02987,-76.34522
Hampton,Virginia,United States,42.93759,-70.83894
Saint Charles,Missouri,United States,38.60317,-76.93858
Saint Charles,Missouri,United States,38.78394,-90.48123
Grand Rapids,Michigan,United States,42.96336,-85.66809
Grand Rapids,Michigan,United States,47.23717,-93.53021
Billings,Montana,United States,45.78329,-108.50069
Owensboro,Kentucky,United States,37.77422,-87.11333
Lancaster,Ohio,United States,54.04649,-2.79988
Lancaster,Ohio,United States,39.71368,-82.59933
Lancaster,Ohio,United States,34.72043,-80.7709
Lancaster,Ohio,United States,32.59208,-96.75611
Lancaster,Ohio,United States,42.45565,-71.67312
Lancaster,Ohio,United States,42.90061,-78.67031
Lancaster,Ohio,United States,40.03788,-76.30551
Lancaster,Ohio,United States,34.69804,-118.13674
Bloomington,Illinois,United States,39.16533,-86.52639
Bloomington,Illinois,United States,40.4842,-88.99369
Bloomington,Illinois,United States,44.8408,-93.29828
Bloomington,Illinois,United States,34.07029,-117.39588
Boynton Beach,Florida,United States,26.52535,-80.06643
Parma,Ohio,United States,44.79935,10.32618
Parma,Ohio,United States,41.40477,-81.72291
Orange,New Jersey,United States,-33.28397,149.10018
Orange,New Jersey,United States,44.13806,4.81025
Orange,New Jersey,United States,30.09299,-93.73655
Orange,New Jersey,United States,41.27843,-73.02566
Orange,New Jersey,United States,40.77066,-74.23265
Orange,New Jersey,United States,33.78779,-117.85311
Reading,Pennsylvania,United States,51.45625,-0.97113
Reading,Pennsylvania,United States,39.22367,-84.44216
Reading,Pennsylvania,United States,42.52565,-71.09533
Reading,Pennsylvania,United States,40.33565,-75.92687
Madison,Wisconsin,United States,34.69926,-86.74833
Madison,Wisconsin,United States,38.73589,-85.37996
Madison,Wisconsin,United States,32.46181,-90.11536
Madison,Wisconsin,United States,41.27954,-72.59843
Madison,Wisconsin,United States,40.75982,-74.4171
Madison,Wisconsin,United States,44.00608,-97.11395
Madison,Wisconsin,United States,43.07305,-89.40123
Des Plaines,Illinois,United States,42.03336,-87.8834
Coon Rapids,Minnesota,United States,45.11997,-93.28773
Orlando,Florida,United States,28.53834,-81.37924
West Palm Beach,Florida,United States,26.71534,-80.05337
Suffolk,Virginia,United States,36.72836,-76.58496
Kenosha,Wisconsin,United States,42.58474,-87.82119
Sterling Heights,Michigan,United States,42.58031,-83.0302
Coppell,Texas,United States,32.95457,-97.01501
Lansing,Michigan,United States,39.24861,-94.90024
Lansing,Michigan,United States,41.56476,-87.53893
Lansing,Michigan,United States,42.73253,-84.55553
Norfolk,Nebraska,United States,36.84681,-76.28522
Norfolk,Nebraska,United States,42.11954,-71.32506
Norfolk,Nebraska,United States,42.02834,-97.417
Mcallen,Texas,United States,26.20341,-98.23001
Santa Maria,California,United States,-29.68417,-53.80694
Santa Maria,California,United States,-16.03095,-48.02929
Santa Maria,California,United States,16.59796,-22.90509
Santa Maria,California,United States,16.9518,120.4445
Santa Maria,California,United States,14.4719,121.4286
Santa Maria,California,United States,6.55361,125.47083
Santa Maria,California,United States,34.95303,-120.43572
Tinley Park,Illinois,United States,41.57337,-87.78449
Wilson,North Carolina,United States,-32.02058,115.91181
Wilson,North Carolina,United States,35.72127,-77.91554
Wilson,North Carolina,United States,40.31007,-79.89144
Wilson,North Carolina,United States,40.68399,-75.24184
Paterson,New Jersey,United States,40.91677,-74.17181
Paterson,New Jersey,United States,-33.44064,25.9741
Holyoke,Massachusetts,United States,42.20426,-72.6162
Port Saint Lucie,Florida,United States,27.29393,-80.35033
Kirkwood,Missouri,United States,38.58339,-90.40678
Kirkwood,Missouri,United States,-33.39829,25.44279
Murrieta,California,United States,33.55391,-117.21392
Tamarac,Florida,United States,26.21286,-80.24977
North Charleston,South Carolina,United States,32.85462,-79.97481
Rockville,Maryland,United States,39.084,-77.15276
Rockville,Maryland,United States,41.86676,-72.44953
Ann Arbor,Michigan,United States,42.27756,-83.74088
Conway,Arkansas,United States,35.0887,-92.4421
Conway,Arkansas,United States,28.50278,-81.33062
Conway,Arkansas,United States,33.836,-79.04781
Superior,Wisconsin,United States,46.72077,-92.10408
Superior,Wisconsin,United States,39.95276,-105.1686
Chattanooga,Tennessee,United States,35.04563,-85.30968
Belleville,New Jersey,United States,44.16682,-77.38277
Belleville,New Jersey,United States,6.18021,-6.90529
Belleville,New Jersey,United States,6.87341,-6.84829
Belleville,New Jersey,United States,46.10867,4.7492
Belleville,New Jersey,United States,38.52005,-89.98399
Belleville,New Jersey,United States,40.79371,-74.15014
Harlingen,Texas,United States,53.17477,5.42244
Harlingen,Texas,United States,26.19063,-97.6961
Malden,Massachusetts,United States,42.4251,-71.06616
Parker,Colorado,United States,34.85067,-82.45346
Parker,Colorado,United States,39.5186,-104.76136
Longmont,Colorado,United States,40.16721,-105.10193
Sheboygan,Wisconsin,United States,43.75083,-87.71453
Cedar Rapids,Iowa,United States,42.00833,-91.64407
Saint Paul,Minnesota,United States,44.94441,-93.09327
Marlborough,Massachusetts,United States,51.05925,-113.96813
Marlborough,Massachusetts,United States,49.22946,-122.98986
Marlborough,Massachusetts,United States,51.42027,-1.72949
Marlborough,Massachusetts,United States,42.34593,-71.55229
Iowa City,Iowa,United States,41.66113,-91.53017
Marysville,Washington,United States,42.91253,-82.48686
Marysville,Washington,United States,40.23645,-83.36714
Marysville,Washington,United States,39.14573,-121.59135
Marysville,Washington,United States,48.05176,-122.17708
San Luis Obispo,California,United States,35.28275,-120.65962
Eugene,Oregon,United States,44.05207,-123.08675
Burlington,North Carolina,United States,43.38621,-79.83713
Burlington,North Carolina,United States,39.02756,-84.72411
Burlington,North Carolina,United States,36.09569,-79.4378
Burlington,North Carolina,United States,40.80754,-91.11292
Burlington,North Carolina,United States,42.50482,-71.19561
Burlington,North Carolina,United States,40.07122,-74.86489
Burlington,North Carolina,United States,44.47588,-73.21207
Burlington,North Carolina,United States,42.67807,-88.2762
Burlington,North Carolina,United States,48.47566,-122.32544
Shelton,Connecticut,United States,41.31649,-73.09316
Shelton,Connecticut,United States,47.21509,-123.10071
East Orange,New Jersey,United States,40.76732,-74.20487
Marion,Iowa,United States,35.21453,-90.19648
Marion,Iowa,United States,37.73061,-88.93313
Marion,Iowa,United States,35.68401,-82.00927
Marion,Iowa,United States,34.17822,-79.40061
Marion,Iowa,United States,36.83484,-81.51484
Marion,Iowa,United States,42.03417,-91.59768
Marion,Iowa,United States,40.55837,-85.65914
Marion,Iowa,United States,41.7001,-70.76281
Marion,Iowa,United States,40.58867,-83.12852
Muskogee,Oklahoma,United States,35.74788,-95.36969
Rogers,Arkansas,United States,36.33202,-94.11854
Rogers,Arkansas,United States,45.18885,-93.55301
Danville,Illinois,United States,34.41454,-87.08751
Danville,Illinois,United States,39.7606,-86.52639
Danville,Illinois,United States,37.64563,-84.77217
Danville,Illinois,United States,36.58597,-79.39502
Danville,Illinois,United States,40.12448,-87.63002
Danville,Illinois,United States,37.82159,-121.99996
Chapel Hill,North Carolina,United States,-27.50264,152.95012
Chapel Hill,North Carolina,United States,35.9132,-79.05584
Clovis,New Mexico,United States,36.82523,-119.70292
Clovis,New Mexico,United States,34.4048,-103.20523
Grand Island,Nebraska,United States,40.92501,-98.34201
Grand Island,Nebraska,United States,43.03311,-78.96254
Melbourne,Florida,United States,-37.814,144.96332
Melbourne,Florida,United States,28.08363,-80.60811
Pine Bluff,Arkansas,United States,34.22843,-92.0032
Houston,Texas,United States,55.86859,-4.55201
Houston,Texas,United States,29.76328,-95.36327
Scottsdale,Arizona,United States,33.50921,-111.89903
Westland,Michigan,United States,42.3242,-83.40021
Mission Viejo,California,United States,33.60002,-117.672
Green Bay,Wisconsin,United States,-36.93096,174.67489
Green Bay,Wisconsin,United States,44.51916,-88.01983
Romeoville,Illinois,United States,41.64753,-88.08951
Lubbock,Texas,United States,33.57786,-101.85517
El Paso,Texas,United States,9.65724,-73.74685
El Paso,Texas,United States,28.65007,-17.88274
El Paso,Texas,United States,31.75872,-106.48693
Yonkers,New York,United States,40.9304,-73.89789
Des Moines,Washington,United States,41.60054,-93.60911
Des Moines,Washington,United States,47.40177,-122.32429
Denver,Colorado,United States,39.73915,-104.9847
Tampa,Florida,United States,27.94752,-82.45843
Lakeville,Minnesota,United States,44.64969,-93.24272
Greensboro,North Carolina,United States,36.07264,-79.79198
Des Moines,Iowa,United States,41.60054,-93.60911
Des Moines,Iowa,United States,47.40177,-122.32429
Brownsville,Texas,United States,25.82176,-80.24116
Brownsville,Texas,United States,35.59397,-89.26229
Brownsville,Texas,United States,25.90175,-97.49748
Brownsville,Texas,United States,40.66094,-73.92014
Vallejo,California,United States,38.10409,-122.25664
Revere,Massachusetts,United States,42.40843,-71.01199
Virginia Beach,Virginia,United States,36.85293,-75.97799
Lodi,California,United States,43.28663,5.38882
Lodi,California,United States,45.30989,9.50085
Lodi,California,United States,40.88232,-74.0832
Lodi,California,United States,38.1302,-121.27245
Troy,New York,United States,31.80877,-85.96995
Troy,New York,United States,38.72921,-89.88315
Troy,New York,United States,38.97949,-90.9807
Troy,New York,United States,42.60559,-83.14993
Troy,New York,United States,42.72841,-73.69179
Troy,New York,United States,40.0395,-84.20328
Louisville,Kentucky,United States,38.25424,-85.75941
Louisville,Kentucky,United States,33.12374,-89.05506
Louisville,Kentucky,United States,40.83728,-81.25955
Louisville,Kentucky,United States,39.97776,-105.13193
Orem,Utah,United States,40.2969,-111.69465
Bristol,Tennessee,United States,51.45523,-2.59665
Bristol,Tennessee,United States,36.59511,-82.18874
Bristol,Tennessee,United States,36.59649,-82.18847
Bristol,Tennessee,United States,40.10067,-74.85183
Bristol,Tennessee,United States,41.67705,-71.26616
Bristol,Tennessee,United States,41.67176,-72.94927
Halifax,Nova Scotia,Canada,44.64269,-63.57688
Halifax,Nova Scotia,Canada,53.71667,-1.85
Halifax,Nova Scotia,Canada,41.99121,-70.86199
Meriden,Connecticut,United States,51.68311,-0.38085
Meriden,Connecticut,United States,41.53815,-72.80704
Minneapolis,Minnesota,United States,44.97997,-93.26384
Southaven,Mississippi,United States,34.98898,-90.01259
League City,Texas,United States,29.50745,-95.09493
Bristol,Connecticut,United States,51.45523,-2.59665
Bristol,Connecticut,United States,36.59511,-82.18874
Bristol,Connecticut,United States,36.59649,-82.18847
Bristol,Connecticut,United States,40.10067,-74.85183
Bristol,Connecticut,United States,41.67705,-71.26616
Bristol,Connecticut,United States,41.67176,-72.94927
Charlotte,North Carolina,United States,35.22709,-80.84313
Charlotte,North Carolina,United States,42.56365,-84.83582
Texas City,Texas,United States,29.38385,-94.9027
Vacaville,California,United States,38.35658,-121.98774
Columbus,Georgia,United States,32.46098,-84.98771
Columbus,Georgia,United States,39.20144,-85.92138
Columbus,Georgia,United States,33.49567,-88.42726
Columbus,Georgia,United States,39.96118,-82.99879
Columbus,Georgia,United States,41.42973,-97.36838
Columbus,Georgia,United States,40.07261,-74.72072
Lakewood,Ohio,United States,52.1085,-106.59027
Lakewood,Ohio,United States,40.09789,-74.21764
Lakewood,Ohio,United States,41.48199,-81.79819
Lakewood,Ohio,United States,33.85363,-118.13396
Lakewood,Ohio,United States,39.70471,-105.08137
Lakewood,Ohio,United States,47.17176,-122.51846
North Miami,Florida,United States,25.89009,-80.18671
Santa Fe,New Mexico,United States,-31.64881,-60.70868
Santa Fe,New Mexico,United States,29.37801,-95.10576
Santa Fe,New Mexico,United States,35.68698,-105.9378
Olathe,Kansas,United States,38.8814,-94.81913
Mesquite,Texas,United States,32.7668,-96.59916
Mesquite,Texas,United States,36.80553,-114.06719
Evanston,Illinois,United States,51.16398,-114.12297
Evanston,Illinois,United States,42.04114,-87.69006
Evanston,Illinois,United States,41.26828,-110.96324
Mount Vernon,New York,United States,38.31727,-88.90312
Mount Vernon,New York,United States,37.93227,-87.89503
Mount Vernon,New York,United States,39.29761,-76.6158
Mount Vernon,New York,United States,40.66949,-85.82415
Mount Vernon,New York,United States,40.9126,-73.83708
Mount Vernon,New York,United States,40.3934,-82.48572
Mount Vernon,New York,United States,48.42122,-122.33405
Mount Vernon,New York,United States,38.71412,-77.10082
Everett,Massachusetts,United States,42.40843,-71.05366
Everett,Massachusetts,United States,47.97898,-122.20208
Texarkana,Arkansas,United States,33.44179,-94.03769
Texarkana,Arkansas,United States,33.42513,-94.04769
Mason,Ohio,United States,39.36006,-84.30994
Mason,Ohio,United States,42.5792,-84.44358
Portland,Oregon,United States,-38.3462,141.60257
Portland,Oregon,United States,50.56748,-2.44472
Portland,Oregon,United States,36.58171,-86.51638
Portland,Oregon,United States,27.87725,-97.32388
Portland,Oregon,United States,41.57288,-72.64065
Portland,Oregon,United States,40.43449,-84.97775
Portland,Oregon,United States,43.65737,-70.2589
Portland,Oregon,United States,45.52345,-122.67621
Sandy Springs,Georgia,United States,33.92427,-84.37854
Moncton,New Brunswick,Canada,46.09454,-64.7965
Mesa,Arizona,United States,33.42227,-111.82264
Grand Prairie,Texas,United States,32.74596,-96.99778
Charlottetown,Prince Edward Island,Canada,46.23459,-63.1256
Baytown,Texas,United States,29.7355,-94.97743
Rome,New York,United States,41.89193,12.51133
Rome,New York,United States,34.25704,-85.16467
Rome,New York,United States,43.21285,-75.45573
Covington,Washington,United States,33.59678,-83.86018
Covington,Washington,United States,39.08367,-84.50855
Covington,Washington,United States,30.47549,-90.10042
Covington,Washington,United States,35.56425,-89.64647
Covington,Washington,United States,37.79346,-79.99395
Covington,Washington,United States,47.35818,-122.12216
Washington,District of Columbia,United States,54.9,-1.51667
Washington,District of Columbia,United States,38.89511,-77.03637
Washington,District of Columbia,United States,38.65922,-87.17279
Washington,District of Columbia,United States,38.55811,-91.01209
Washington,District of Columbia,United States,35.54655,-77.05217
Washington,District of Columbia,United States,41.29918,-91.69294
Washington,District of Columbia,United States,40.70365,-89.40731
Washington,District of Columbia,United States,40.75843,-74.97934
Washington,District of Columbia,United States,40.17396,-80.24617
Washington,District of Columbia,United States,37.13054,-113.50829
Allen,Texas,United States,-38.97736,-67.82714
Allen,Texas,United States,12.5006,124.2849
Allen,Texas,United States,33.10317,-96.67055
East Point,Georgia,United States,33.67955,-84.43937
Auburn,New York,United States,-33.85,151.03333
Auburn,New York,United States,34.01372,-83.82768
Auburn,New York,United States,32.60986,-85.48078
Auburn,New York,United States,41.36699,-85.05886
Auburn,New York,United States,42.19454,-71.83563
Auburn,New York,United States,44.09785,-70.23117
Auburn,New York,United States,43.00453,-71.3484
Auburn,New York,United States,42.93173,-76.56605
Auburn,New York,United States,38.89657,-121.07689
Auburn,New York,United States,47.30732,-122.22845
Hillsboro,Oregon,United States,39.16128,-89.4954
Hillsboro,Oregon,United States,39.20229,-83.61159
Hillsboro,Oregon,United States,32.01099,-97.13001
Hillsboro,Oregon,United States,45.52289,-122.98983
Santa Barbara,California,United States,16.0009,120.4023
Santa Barbara,California,United States,15.38494,120.79611
Santa Barbara,California,United States,10.82306,122.53444
Santa Barbara,California,United States,18.39356,-65.91878
Santa Barbara,California,United States,34.42083,-119.69819
Noblesville,Indiana,United States,40.04559,-86.0086
Mount Pleasant,Michigan,United States,-32.03974,115.84993
Mount Pleasant,Michigan,United States,51.07322,-114.07705
Mount Pleasant,Michigan,United States,49.26667,-123.1
Mount Pleasant,Michigan,United States,38.93067,-77.04081
Mount Pleasant,Michigan,United States,32.79407,-79.86259
Mount Pleasant,Michigan,United States,33.15679,-94.96827
Mount Pleasant,Michigan,United States,40.96364,-91.55794
Mount Pleasant,Michigan,United States,43.59781,-84.76751
Mount Pleasant,Michigan,United States,40.06011,-75.18295
Mount Pleasant,Michigan,United States,42.69743,-87.85577
Lake Elsinore,California,United States,33.66808,-117.32726
Westfield,New Jersey,United States,40.04282,-86.12749
Westfield,New Jersey,United States,42.12509,-72.74954
Westfield,New Jersey,United States,40.65899,-74.34737
Gulfport,Mississippi,United States,27.74836,-82.70343
Gulfport,Mississippi,United States,30.36742,-89.09282
Littleton,Colorado,United States,39.61332,-105.01665
Warwick,Rhode Island,United States,-28.21901,152.03438
Warwick,Rhode Island,United States,52.28333,-1.58333
Warwick,Rhode Island,United States,41.25648,-74.35988
Warwick,Rhode Island,United States,41.7001,-71.41617
West Allis,Wisconsin,United States,43.01668,-88.00703
Pharr,Texas,United States,26.1948,-98.18362
Waukesha,Wisconsin,United States,43.01168,-88.23148
Montebello,California,United States,34.00946,-118.10535
Fremont,Nebraska,United States,41.43333,-96.49808
Fremont,Nebraska,United States,41.35033,-83.12186
Fremont,Nebraska,United States,37.54827,-121.98857
Goldsboro,North Carolina,United States,35.38488,-77.99277
Nashua,New Hampshire,United States,42.76537,-71.46757
New Brunswick,New Jersey,United States,40.48622,-74.45182
Greeley,Colorado,United States,40.42331,-104.70913
Laurel,Maryland,United States,14.05542,120.91932
Laurel,Maryland,United States,27.14378,-82.46158
Laurel,Maryland,United States,39.09928,-76.84831
Laurel,Maryland,United States,31.69405,-89.13061
Laurel,Maryland,United States,37.64292,-77.50887
Laurel,Maryland,United States,45.66912,-108.77153
Loveland,Colorado,United States,39.26895,-84.26383
Loveland,Colorado,United States,40.39776,-105.07498
Miramar,Florida,United States,10.0925,-84.72978
Miramar,Florida,United States,22.36094,-97.89997
Miramar,Florida,United States,-8.17945,-78.99381
Miramar,Florida,United States,41.06775,-8.65045
Miramar,Florida,United States,25.98731,-80.23227
Springdale,Arkansas,United States,36.18674,-94.12881
Springdale,Arkansas,United States,39.881,-74.97
Springdale,Arkansas,United States,39.287,-84.48522
Hagerstown,Maryland,United States,39.64176,-77.71999
Canton,Michigan,United States,34.23676,-84.49076
Canton,Michigan,United States,39.28039,-76.56663
Canton,Michigan,United States,32.61264,-90.03675
Canton,Michigan,United States,40.55809,-90.03512
Canton,Michigan,United States,42.15843,-71.14477
Canton,Michigan,United States,42.30865,-83.48216
Canton,Michigan,United States,44.59562,-75.16909
Canton,Michigan,United States,40.79895,-81.37845
Oak Park,Illinois,United States,-37.71842,144.91945
Oak Park,Illinois,United States,38.30562,-85.69635
Oak Park,Illinois,United States,41.88503,-87.7845
Oak Park,Illinois,United States,42.45948,-83.18271
Oak Park,Illinois,United States,34.17917,-118.76287
Dallas,Texas,United States,-37.67083,144.93542
Dallas,Texas,United States,33.92371,-84.84077
Dallas,Texas,United States,32.78306,-96.80667
Dallas,Texas,United States,44.91928,-123.31705
Richmond,Indiana,United States,-37.81819,145.00176
Richmond,Indiana,United States,-33.59956,150.75142
Richmond,Indiana,United States,51.03056,-114.11389
Richmond,Indiana,United States,49.17003,-123.13683
Richmond,Indiana,United States,54.4036,-1.73434
Richmond,Indiana,United States,51.46171,-0.30633
Richmond,Indiana,United States,-41.33333,173.18333
Richmond,Indiana,United States,39.82894,-84.89024
Richmond,Indiana,United States,37.74786,-84.29465
Richmond,Indiana,United States,39.27862,-93.97689
Richmond,Indiana,United States,29.58218,-95.76078
Richmond,Indiana,United States,37.55376,-77.46026
Richmond,Indiana,United States,42.8092,-82.75576
Richmond,Indiana,United States,37.93576,-122.34775
Richmond,Indiana,United States,-29.87196,30.27235
Medford,Oregon,United States,42.41843,-71.10616
Medford,Oregon,United States,40.8176,-73.00011
Medford,Oregon,United States,42.32652,-122.87559
Elmhurst,Illinois,United States,41.89947,-87.94034
Elmhurst,Illinois,United States,40.73649,-73.87791
Richmond,Kentucky,United States,-37.81819,145.00176
Richmond,Kentucky,United States,-33.59956,150.75142
Richmond,Kentucky,United States,51.03056,-114.11389
Richmond,Kentucky,United States,49.17003,-123.13683
Richmond,Kentucky,United States,54.4036,-1.73434
Richmond,Kentucky,United States,51.46171,-0.30633
Richmond,Kentucky,United States,-41.33333,173.18333
Richmond,Kentucky,United States,39.82894,-84.89024
Richmond,Kentucky,United States,37.74786,-84.29465
Richmond,Kentucky,United States,39.27862,-93.97689
Richmond,Kentucky,United States,29.58218,-95.76078
Richmond,Kentucky,United States,37.55376,-77.46026
Richmond,Kentucky,United States,42.8092,-82.75576
Richmond,Kentucky,United States,37.93576,-122.34775
Richmond,Kentucky,United States,-29.87196,30.27235
Jackson,Mississippi,United States,37.38227,-89.66621
Jackson,Mississippi,United States,32.29876,-90.18481
Jackson,Mississippi,United States,39.7765,-74.86238
Jackson,Mississippi,United States,39.05202,-82.63655
Jackson,Mississippi,United States,35.61452,-88.81395
Jackson,Mississippi,United States,42.24587,-84.40135
Jackson,Mississippi,United States,43.32389,-88.16676
Jackson,Mississippi,United States,43.47993,-110.76243
Burbank,California,United States,41.73392,-87.7795
Burbank,California,United States,34.18084,-118.30897
Albuquerque,New Mexico,United States,35.08449,-106.65114
Lafayette,Louisiana,United States,34.7048,-85.2819
Lafayette,Louisiana,United States,30.22409,-92.01984
Lafayette,Louisiana,United States,40.4167,-86.87529
Lafayette,Louisiana,United States,37.88576,-122.11802
Lafayette,Louisiana,United States,39.9936,-105.08971
Fort Worth,Texas,United States,32.72541,-97.32085
Buffalo Grove,Illinois,United States,42.15141,-87.95979
Sioux Falls,South Dakota,United States,43.54369,-96.72796
Draper,Utah,United States,40.52467,-111.86382
Springfield,Missouri,United States,-27.65365,152.91716
Springfield,Missouri,United States,30.15326,-85.61132
Springfield,Missouri,United States,39.80172,-89.64371
Springfield,Missouri,United States,37.21533,-93.29824
Springfield,Missouri,United States,39.92423,-83.80882
Springfield,Missouri,United States,39.93067,-75.32019
Springfield,Missouri,United States,36.50921,-86.885
Springfield,Missouri,United States,38.78928,-77.1872
Springfield,Missouri,United States,42.10148,-72.58981
Springfield,Missouri,United States,42.32643,-85.23916
Springfield,Missouri,United States,40.70491,-74.31723
Springfield,Missouri,United States,44.04624,-123.02203
Lowell,Massachusetts,United States,36.25535,-94.13076
Lowell,Massachusetts,United States,41.29142,-87.42059
Lowell,Massachusetts,United States,42.63342,-71.31617
Cary,North Carolina,United States,35.79154,-78.78112
Cary,North Carolina,United States,42.21197,-88.23814
Fairfield,Ohio,United States,-33.86667,150.95
Fairfield,Ohio,United States,-37.77977,145.01764
Fairfield,Ohio,United States,48.41667,-123.35
Fairfield,Ohio,United States,49.06705,-122.31522
Fairfield,Ohio,United States,33.48594,-86.91194
Fairfield,Ohio,United States,38.37894,-88.35977
Fairfield,Ohio,United States,39.34589,-84.5605
Fairfield,Ohio,United States,41.14121,-73.26373
Fairfield,Ohio,United States,41.00863,-91.96267
Fairfield,Ohio,United States,42.21919,-88.06147
Fairfield,Ohio,United States,40.88371,-74.30598
Fairfield,Ohio,United States,38.24936,-122.03997
Edmonton,Alberta,Canada,-17.01902,145.74443
Edmonton,Alberta,Canada,53.55014,-113.46871
Edmonton,Alberta,Canada,51.62561,-0.05798
Indianapolis,Indiana,United States,39.76838,-86.15804
Jacksonville,North Carolina,United States,33.81382,-85.7613
Jacksonville,North Carolina,United States,34.8662,-92.11015
Jacksonville,North Carolina,United States,30.33218,-81.65565
Jacksonville,North Carolina,United States,39.73394,-90.22901
Jacksonville,North Carolina,United States,34.75405,-77.43024
Jacksonville,North Carolina,United States,31.96378,-95.2705
Montgomery,Alabama,United States,32.36681,-86.29997
Montgomery,Alabama,United States,39.22811,-84.35411
Montgomery,Alabama,United States,41.73058,-88.3459
Fort Lauderdale,Florida,United States,26.12231,-80.14338
Columbus,Indiana,United States,32.46098,-84.98771
Columbus,Indiana,United States,39.20144,-85.92138
Columbus,Indiana,United States,33.49567,-88.42726
Columbus,Indiana,United States,39.96118,-82.99879
Columbus,Indiana,United States,41.42973,-97.36838
Columbus,Indiana,United States,40.07261,-74.72072
Manhattan,Kansas,United States,39.18361,-96.57167
Manhattan,Kansas,United States,41.42253,-87.98589
Manhattan,Kansas,United States,40.78343,-73.96625
Bolingbrook,Illinois,United States,41.69864,-88.0684
Utica,New York,United States,43.1009,-75.23266
Caldwell,Idaho,United States,40.83982,-74.27654
Caldwell,Idaho,United States,43.66294,-116.68736
Marion,Ohio,United States,35.21453,-90.19648
Marion,Ohio,United States,37.73061,-88.93313
Marion,Ohio,United States,35.68401,-82.00927
Marion,Ohio,United States,34.17822,-79.40061
Marion,Ohio,United States,36.83484,-81.51484
Marion,Ohio,United States,42.03417,-91.59768
Marion,Ohio,United States,40.55837,-85.65914
Marion,Ohio,United States,41.7001,-70.76281
Marion,Ohio,United States,40.58867,-83.12852
Port Arthur,Texas,United States,60.44736,22.24247
Port Arthur,Texas,United States,29.88519,-93.94233
Saint Charles,Illinois,United States,38.60317,-76.93858
Saint Charles,Illinois,United States,38.78394,-90.48123
Taylor,Michigan,United States,30.57076,-97.40944
Taylor,Michigan,United States,42.24087,-83.26965
Taylor,Michigan,United States,41.3948,-75.70658
Bartlett,Tennessee,United States,35.20453,-89.87398
Bartlett,Tennessee,United States,41.99503,-88.18563
Huntsville,Alabama,United States,45.33341,-79.21632
Huntsville,Alabama,United States,34.7304,-86.58594
Huntsville,Alabama,United States,30.72353,-95.55078
Camarillo,California,United States,34.21639,-119.0376
Lewiston,Maine,United States,44.10035,-70.21478
Lewiston,Maine,United States,46.41655,-117.01766
Vineland,New Jersey,United States,39.48623,-75.02573
New Bedford,Massachusetts,United States,41.63526,-70.92701
Bedford,Texas,United States,-31.91132,115.8892
Bedford,Texas,United States,44.72552,-63.66732
Bedford,Texas,United States,52.13459,-0.46632
Bedford,Texas,United States,38.86116,-86.48721
Bedford,Texas,United States,32.84402,-97.14307
Bedford,Texas,United States,37.33431,-79.52309
Bedford,Texas,United States,42.49065,-71.27617
Bedford,Texas,United States,42.94647,-71.5159
Bedford,Texas,United States,41.39311,-81.53651
Bedford,Texas,United States,-32.67903,26.08686
Rochester,Minnesota,United States,51.38764,0.50546
Rochester,Minnesota,United States,41.06476,-86.21583
Rochester,Minnesota,United States,42.68059,-83.13382
Rochester,Minnesota,United States,44.02163,-92.4699
Rochester,Minnesota,United States,43.30453,-70.97562
Rochester,Minnesota,United States,43.15478,-77.61556
Salinas,California,United States,-16.17028,-42.29028
Salinas,California,United States,-2.21452,-80.95151
Salinas,California,United States,17.97747,-66.29795
Salinas,California,United States,36.67774,-121.6555
Salinas,California,United States,-34.77731,-55.83954
Monroe,North Carolina,United States,33.79484,-83.71323
Monroe,North Carolina,United States,32.50931,-92.1193
Monroe,North Carolina,United States,34.98543,-80.54951
Monroe,North Carolina,United States,39.44034,-84.36216
Monroe,North Carolina,United States,41.91643,-83.39771
Monroe,North Carolina,United States,41.33065,-74.18681
Monroe,North Carolina,United States,42.60112,-89.63845
Monroe,North Carolina,United States,47.85538,-121.97096
Jackson,Tennessee,United States,37.38227,-89.66621
Jackson,Tennessee,United States,32.29876,-90.18481
Jackson,Tennessee,United States,39.7765,-74.86238
Jackson,Tennessee,United States,39.05202,-82.63655
Jackson,Tennessee,United States,35.61452,-88.81395
Jackson,Tennessee,United States,42.24587,-84.40135
Jackson,Tennessee,United States,43.32389,-88.16676
Jackson,Tennessee,United States,43.47993,-110.76243
Costa Mesa,California,United States,33.64113,-117.91867
Lindenhurst,New York,United States,42.41058,-88.02619
Lindenhurst,New York,United States,40.68677,-73.37345
Milford,Connecticut,United States,51.17272,-0.65042
Milford,Connecticut,United States,-36.77158,174.76585
Milford,Connecticut,United States,38.91261,-75.42797
Milford,Connecticut,United States,39.17534,-84.29438
Milford,Connecticut,United States,41.22232,-73.0565
Milford,Connecticut,United States,42.13982,-71.51617
Milford,Connecticut,United States,42.59364,-83.59939
Milford,Connecticut,United States,42.83536,-71.64896
Passaic,New Jersey,United States,40.85677,-74.12848
La Porte,Indiana,United States,29.66578,-95.01937
La Porte,Indiana,United States,41.60774,-86.71389
Urbandale,Iowa,United States,41.62666,-93.71217
Arlington Heights,Illinois,United States,42.08836,-87.98063
Arlington Heights,Illinois,United States,40.99009,-75.21629
Overland Park,Kansas,United States,38.98223,-94.67079
San Angelo,Texas,United States,31.46377,-100.43704
Morgan Hill,California,United States,37.1305,-121.65439
Bellingham,Washington,United States,48.75955,-122.48822
Maple Grove,Minnesota,United States,45.07246,-93.45579
Grove City,Ohio,United States,39.88145,-83.09296
Grove City,Ohio,United States,41.15784,-80.08867
Everett,Washington,United States,42.40843,-71.05366
Everett,Washington,United States,47.97898,-122.20208
Springfield,Oregon,United States,-27.65365,152.91716
Springfield,Oregon,United States,30.15326,-85.61132
Springfield,Oregon,United States,39.80172,-89.64371
Springfield,Oregon,United States,37.21533,-93.29824
Springfield,Oregon,United States,39.92423,-83.80882
Springfield,Oregon,United States,39.93067,-75.32019
Springfield,Oregon,United States,36.50921,-86.885
Springfield,Oregon,United States,38.78928,-77.1872
Springfield,Oregon,United States,42.10148,-72.58981
Springfield,Oregon,United States,42.32643,-85.23916
Springfield,Oregon,United States,40.70491,-74.31723
Springfield,Oregon,United States,44.04624,-123.02203
Chesapeake,Virginia,United States,36.81904,-76.27494
Columbus,Ohio,United States,32.46098,-84.98771
Columbus,Ohio,United States,39.20144,-85.92138
Columbus,Ohio,United States,33.49567,-88.42726
Columbus,Ohio,United States,39.96118,-82.99879
Columbus,Ohio,United States,41.42973,-97.36838
Columbus,Ohio,United States,40.07261,-74.72072
Wilmington,North Carolina,United States,39.74595,-75.54659
Wilmington,North Carolina,United States,34.23556,-77.94604
Wilmington,North Carolina,United States,39.44534,-83.82854
Wilmington,North Carolina,United States,41.30781,-88.14672
Wilmington,North Carolina,United States,42.54648,-71.17367
Wilmington,North Carolina,United States,33.78002,-118.26257
Calgary,Alberta,Canada,51.05011,-114.08529
Logan,Utah,United States,39.54007,-82.4071
Logan,Utah,United States,40.02845,-75.15157
Logan,Utah,United States,41.73549,-111.83439
Jacksonville,Florida,United States,33.81382,-85.7613
Jacksonville,Florida,United States,34.8662,-92.11015
Jacksonville,Florida,United States,30.33218,-81.65565
Jacksonville,Florida,United States,39.73394,-90.22901
Jacksonville,Florida,United States,34.75405,-77.43024
Jacksonville,Florida,United States,31.96378,-95.2705
Springfield,Ohio,United States,-27.65365,152.91716
Springfield,Ohio,United States,30.15326,-85.61132
Springfield,Ohio,United States,39.80172,-89.64371
Springfield,Ohio,United States,37.21533,-93.29824
Springfield,Ohio,United States,39.92423,-83.80882
Springfield,Ohio,United States,39.93067,-75.32019
Springfield,Ohio,United States,36.50921,-86.885
Springfield,Ohio,United States,38.78928,-77.1872
Springfield,Ohio,United States,42.10148,-72.58981
Springfield,Ohio,United States,42.32643,-85.23916
Springfield,Ohio,United States,40.70491,-74.31723
Springfield,Ohio,United States,44.04624,-123.02203
Lancaster,Pennsylvania,United States,54.04649,-2.79988
Lancaster,Pennsylvania,United States,39.71368,-82.59933
Lancaster,Pennsylvania,United States,34.72043,-80.7709
Lancaster,Pennsylvania,United States,32.59208,-96.75611
Lancaster,Pennsylvania,United States,42.45565,-71.67312
Lancaster,Pennsylvania,United States,42.90061,-78.67031
Lancaster,Pennsylvania,United States,40.03788,-76.30551
Lancaster,Pennsylvania,United States,34.69804,-118.13674
Baltimore,Maryland,United States,39.29038,-76.61219
San Jose,California,United States,17.15,121.6
San Jose,California,United States,15.0333,120.7833
San Jose,California,United States,13.35,123.55
San Jose,California,United States,12.35275,121.06761
San Jose,California,United States,10.18,125.56833
San Jose,California,United States,9.80056,118.75694
San Jose,California,United States,7.73667,125.07028
San Jose,California,United States,37.33939,-121.89496
Middletown,Connecticut,United States,39.44956,-75.71632
Middletown,Connecticut,United States,38.24535,-85.53885
Middletown,Connecticut,United States,39.51506,-84.39828
Middletown,Connecticut,United States,41.56232,-72.65065
Middletown,Connecticut,United States,40.39428,-74.11709
Middletown,Connecticut,United States,41.44593,-74.42293
Middletown,Connecticut,United States,40.19981,-76.73108
Middletown,Connecticut,United States,40.64399,-75.3324
Middletown,Connecticut,United States,41.54566,-71.29144
Oakland,California,United States,35.22898,-89.51508
Oakland,California,United States,41.01315,-74.26431
Oakland,California,United States,37.80437,-122.2708
Akron,Ohio,United States,41.08144,-81.51901
Mishawaka,Indiana,United States,41.66199,-86.15862
Salem,Oregon,United States,47.76258,9.29031
Salem,Oregon,United States,11.65376,78.15538
Salem,Oregon,United States,38.62699,-88.94562
Salem,Oregon,United States,38.60561,-86.10109
Salem,Oregon,United States,37.29347,-80.05476
Salem,Oregon,United States,42.51977,-70.89552
Salem,Oregon,United States,42.78842,-71.20089
Salem,Oregon,United States,40.90089,-80.85675
Salem,Oregon,United States,42.55474,-88.11092
Salem,Oregon,United States,40.05301,-111.67354
Salem,Oregon,United States,44.9429,-123.0351
Niagara Falls,New York,United States,43.10012,-79.06627
Niagara Falls,New York,United States,43.0945,-79.05671
Riverside,California,United States,-41.42105,147.05086
Riverside,California,United States,39.47372,-76.24134
Riverside,California,United States,39.17344,-76.88525
Riverside,California,United States,39.77978,-84.1241
Riverside,California,United States,41.03371,-73.57818
Riverside,California,United States,41.83503,-87.82284
Riverside,California,United States,33.95335,-117.39616
Riverside,California,United States,39.27252,-76.60688
Pleasant Grove,Utah,United States,33.49094,-86.97027
Pleasant Grove,Utah,United States,40.36412,-111.73854
Bowling Green,Ohio,United States,36.99032,-86.4436
Bowling Green,Ohio,United States,39.34199,-91.19514
Bowling Green,Ohio,United States,41.37477,-83.65132
Tulsa,Oklahoma,United States,36.15398,-95.99277
Clifton,New Jersey,United States,40.85843,-74.16376
Clifton,New Jersey,United States,40.6201,-74.07709
Clifton,New Jersey,United States,39.09193,-108.44898
Corpus Christi,Texas,United States,27.80058,-97.39638
Columbia,Maryland,United States,43.48468,-80.53349
Columbia,Maryland,United States,38.44366,-90.20122
Columbia,Maryland,United States,39.24038,-76.83942
Columbia,Maryland,United States,38.95171,-92.33407
Columbia,Maryland,United States,31.25184,-89.83758
Columbia,Maryland,United States,34.00071,-81.03481
Columbia,Maryland,United States,35.61507,-87.03528
Columbia,Maryland,United States,40.03371,-76.50441
Fayetteville,North Carolina,United States,36.06258,-94.15743
Fayetteville,North Carolina,United States,33.44873,-84.45493
Fayetteville,North Carolina,United States,35.05266,-78.87836
Fayetteville,North Carolina,United States,35.15203,-86.57055
Reno,Nevada,United States,39.52963,-119.8138
Manteca,California,United States,37.79743,-121.21605
Edmonds,Washington,United States,49.21392,-122.93992
Edmonds,Washington,United States,47.81065,-122.37736
Lakewood,California,United States,52.1085,-106.59027
Lakewood,California,United States,40.09789,-74.21764
Lakewood,California,United States,41.48199,-81.79819
Lakewood,California,United States,33.85363,-118.13396
Lakewood,California,United States,39.70471,-105.08137
Lakewood,California,United States,47.17176,-122.51846
Rock Hill,South Carolina,United States,34.92487,-81.02508
Pasadena,Texas,United States,39.119,-76.57108
Pasadena,Texas,United States,29.69106,-95.2091
Pasadena,Texas,United States,34.14778,-118.14452
Sacramento,California,United States,-19.86528,-47.44
Sacramento,California,United States,38.58157,-121.4944
Brentwood,California,United States,51.09813,-114.13319
Brentwood,California,United States,51.62127,0.30556
Brentwood,California,United States,38.61755,-90.34928
Brentwood,California,United States,36.03312,-86.78278
Brentwood,California,United States,40.78121,-73.24623
Brentwood,California,United States,40.37063,-79.97477
Brentwood,California,United States,37.93187,-121.69579
Brentwood,California,United States,34.05195,-118.47397
Tigard,Oregon,United States,45.43123,-122.77149
Freeport,New York,United States,26.53333,-78.7
Freeport,New York,United States,28.95414,-95.35966
Freeport,New York,United States,42.29669,-89.62123
Freeport,New York,United States,40.6576,-73.58318
Columbia,Tennessee,United States,43.48468,-80.53349
Columbia,Tennessee,United States,38.44366,-90.20122
Columbia,Tennessee,United States,39.24038,-76.83942
Columbia,Tennessee,United States,38.95171,-92.33407
Columbia,Tennessee,United States,31.25184,-89.83758
Columbia,Tennessee,United States,34.00071,-81.03481
Columbia,Tennessee,United States,35.61507,-87.03528
Columbia,Tennessee,United States,40.03371,-76.50441
Anaheim,California,United States,33.83529,-117.9145
Las Cruces,New Mexico,United States,32.31232,-106.77834
Lehi,Utah,United States,40.39162,-111.85077
Auburn,Alabama,United States,-33.85,151.03333
Auburn,Alabama,United States,34.01372,-83.82768
Auburn,Alabama,United States,32.60986,-85.48078
Auburn,Alabama,United States,41.36699,-85.05886
Auburn,Alabama,United States,42.19454,-71.83563
Auburn,Alabama,United States,44.09785,-70.23117
Auburn,Alabama,United States,43.00453,-71.3484
Auburn,Alabama,United States,42.93173,-76.56605
Auburn,Alabama,United States,38.89657,-121.07689
Auburn,Alabama,United States,47.30732,-122.22845
Haltom City,Texas,United States,32.79957,-97.26918
Pocatello,Idaho,United States,42.8713,-112.44553
Layton,Utah,United States,41.06022,-111.97105
Smyrna,Georgia,United States,39.29983,-75.60465
Smyrna,Georgia,United States,33.88399,-84.51438
Smyrna,Georgia,United States,35.98284,-86.5186
Highland Park,Illinois,United States,-28.01392,153.33312
Highland Park,Illinois,United States,32.83346,-96.79195
Highland Park,Illinois,United States,42.18169,-87.80034
Highland Park,Illinois,United States,42.40559,-83.09687
Highland Park,Illinois,United States,40.49594,-74.42432
Boise,Idaho,United States,43.6135,-116.20345
Yucaipa,California,United States,34.03363,-117.04309
Lawrence,Indiana,United States,39.83865,-86.02526
Lawrence,Indiana,United States,38.97167,-95.23525
Lawrence,Indiana,United States,42.70704,-71.16311
Lawrence,Indiana,United States,40.61566,-73.72958
Dublin,Ohio,United States,53.33306,-6.24889
Dublin,Ohio,United States,32.54044,-82.90375
Dublin,Ohio,United States,40.09923,-83.11408
Dublin,Ohio,United States,37.70215,-121.93579
Andover,Massachusetts,United States,51.21135,-1.49393
Andover,Massachusetts,United States,25.96843,-80.21283
Andover,Massachusetts,United States,37.7139,-97.13643
Andover,Massachusetts,United States,42.65843,-71.137
Andover,Massachusetts,United States,45.2333,-93.29134
Jefferson City,Missouri,United States,38.5767,-92.17352
Jefferson City,Missouri,United States,36.12231,-83.4924
Hesperia,California,United States,34.42639,-117.30088
Yuma,Arizona,United States,32.72532,-114.6244
Winnipeg,Manitoba,Canada,49.8844,-97.14704
Bowling Green,Kentucky,United States,36.99032,-86.4436
Bowling Green,Kentucky,United States,39.34199,-91.19514
Bowling Green,Kentucky,United States,41.37477,-83.65132
Hendersonville,Tennessee,United States,35.31873,-82.46095
Hendersonville,Tennessee,United States,36.30477,-86.62
Kenner,Louisiana,United States,29.99409,-90.24174
Thomasville,North Carolina,United States,30.83658,-83.97878
Thomasville,North Carolina,United States,35.88264,-80.08199
Woodland,California,United States,38.67852,-121.7733
Woodland,California,United States,45.90456,-122.74399
Auburn,Washington,United States,-33.85,151.03333
Auburn,Washington,United States,34.01372,-83.82768
Auburn,Washington,United States,32.60986,-85.48078
Auburn,Washington,United States,41.36699,-85.05886
Auburn,Washington,United States,42.19454,-71.83563
Auburn,Washington,United States,44.09785,-70.23117
Auburn,Washington,United States,43.00453,-71.3484
Auburn,Washington,United States,42.93173,-76.56605
Auburn,Washington,United States,38.89657,-121.07689
Auburn,Washington,United States,47.30732,-122.22845
Edmond,Oklahoma,United States,35.65283,-97.4781
Antioch,California,United States,42.47724,-88.09564
Antioch,California,United States,38.00492,-121.80579
Apple Valley,California,United States,44.73191,-93.21772
Apple Valley,California,United States,34.50083,-117.18588
Apple Valley,California,United States,40.4389,-82.35391
Deer Park,Texas,United States,-37.76722,144.76657
Deer Park,Texas,United States,39.20534,-84.39466
Deer Park,Texas,United States,29.70523,-95.12382
Deer Park,Texas,United States,40.76177,-73.32929
Pompano Beach,Florida,United States,26.23786,-80.12477
Mansfield,Texas,United States,-27.53929,153.09895
Mansfield,Texas,United States,53.13333,-1.2
Mansfield,Texas,United States,32.56319,-97.14168
Mansfield,Texas,United States,42.03343,-71.21894
Mansfield,Texas,United States,40.75839,-82.51545
Fargo,North Dakota,United States,46.87719,-96.7898
Wheeling,West Virginia,United States,42.13919,-87.92896
Wheeling,West Virginia,United States,40.06396,-80.72091
Citrus Heights,California,United States,38.70712,-121.28106
Elkhart,Indiana,United States,41.68199,-85.97667
La Mesa,California,United States,5.26667,-73.91667
La Mesa,California,United States,32.76783,-117.02308
Mentor,Ohio,United States,41.66616,-81.33955
Danville,California,United States,34.41454,-87.08751
Danville,California,United States,39.7606,-86.52639
Danville,California,United States,37.64563,-84.77217
Danville,California,United States,36.58597,-79.39502
Danville,California,United States,40.12448,-87.63002
Danville,California,United States,37.82159,-121.99996
Aberdeen,South Dakota,United States,50.65,-120.36667
Aberdeen,South Dakota,United States,57.14369,-2.09814
Aberdeen,South Dakota,United States,22.24802,114.15289
Aberdeen,South Dakota,United States,39.50956,-76.16412
Aberdeen,South Dakota,United States,33.82511,-88.54366
Aberdeen,South Dakota,United States,35.13155,-79.42948
Aberdeen,South Dakota,United States,45.4647,-98.48648
Aberdeen,South Dakota,United States,46.97537,-123.81572
Aberdeen,South Dakota,United States,-32.47588,24.06525
College Station,Texas,United States,30.62798,-96.33441
Ontario,California,United States,40.7595,-82.59017
Ontario,California,United States,34.06334,-117.65089
Ontario,California,United States,44.02655,-116.96294
Newark,Ohio,United States,39.68372,-75.74966
Newark,Ohio,United States,40.73566,-74.17237
Newark,Ohio,United States,43.04673,-77.09525
Newark,Ohio,United States,40.05812,-82.40126
Newark,Ohio,United States,37.52966,-122.04024
Bossier City,Louisiana,United States,32.51599,-93.73212
Toronto,Ontario,Canada,-33.01357,151.59373
Toronto,Ontario,Canada,43.70643,-79.39864
Alexandria,Virginia,United States,-33.89989,151.19951
Alexandria,Virginia,United States,-6.4125,-38.01583
Alexandria,Virginia,United States,31.20176,29.91582
Alexandria,Virginia,United States,55.99379,-4.5864
Alexandria,Virginia,United States,43.98333,25.33333
Alexandria,Virginia,United States,38.95951,-84.38799
Alexandria,Virginia,United States,31.31129,-92.44514
Alexandria,Virginia,United States,38.80484,-77.04692
Alexandria,Virginia,United States,40.26282,-85.67581
Alexandria,Virginia,United States,45.88524,-95.37754
Alexandria,Virginia,United States,-33.65346,26.41268
San Diego,California,United States,10.33384,-73.18048
San Diego,California,United States,9.90028,-84.0017
San Diego,California,United States,40.39003,-3.66787
San Diego,California,United States,32.71571,-117.16472
Margate,Florida,United States,-27.24761,153.09809
Margate,Florida,United States,51.38132,1.38617
Margate,Florida,United States,26.24453,-80.20644
Margate,Florida,United States,-30.8636,30.37052
Fresno,California,United States,5.15264,-75.03624
Fresno,California,United States,29.53885,-95.44744
Fresno,California,United States,36.74773,-119.77237
Pomona,California,United States,39.47845,-74.57516
Pomona,California,United States,34.05529,-117.75228
Apple Valley,Minnesota,United States,44.73191,-93.21772
Apple Valley,Minnesota,United States,34.50083,-117.18588
Apple Valley,Minnesota,United States,40.4389,-82.35391
Marietta,Georgia,United States,33.9526,-84.54993
Marietta,Georgia,United States,39.41535,-81.45484
Chandler,Arizona,United States,48.34935,-64.67926
Chandler,Arizona,United States,33.30616,-111.84125
Lewiston,Idaho,United States,44.10035,-70.21478
Lewiston,Idaho,United States,46.41655,-117.01766
San Gabriel,California,United States,0.59354,-77.83066
San Gabriel,California,United States,13.56667,123.1
San Gabriel,California,United States,34.09611,-118.10583
Memphis,Tennessee,United States,27.53587,-82.56121
Memphis,Tennessee,United States,35.14953,-90.04898
Watertown,New York,United States,42.37093,-71.18283
Watertown,New York,United States,43.97478,-75.91076
Watertown,New York,United States,44.89941,-97.11507
Watertown,New York,United States,43.19472,-88.72899
Bellevue,Washington,United States,38.82678,-77.0197
Bellevue,Washington,United States,39.10645,-84.47883
Bellevue,Washington,United States,42.2876,-71.14533
Bellevue,Washington,United States,41.13667,-95.89084
Bellevue,Washington,United States,41.27366,-82.84158
Bellevue,Washington,United States,40.49396,-80.05172
Bellevue,Washington,United States,44.44416,-87.9201
Bellevue,Washington,United States,47.61038,-122.20068
Little Rock,Arkansas,United States,34.74648,-92.28959
Harrisonburg,Virginia,United States,38.44957,-78.86892
Newark,Delaware,United States,39.68372,-75.74966
Newark,Delaware,United States,40.73566,-74.17237
Newark,Delaware,United States,43.04673,-77.09525
Newark,Delaware,United States,40.05812,-82.40126
Newark,Delaware,United States,37.52966,-122.04024
Hackensack,New Jersey,United States,40.88593,-74.04347
Bangor,Maine,United States,-34.01667,151.03333
Bangor,Maine,United States,54.66079,-5.66802
Bangor,Maine,United States,53.22752,-4.12936
Bangor,Maine,United States,44.79884,-68.77265
Bangor,Maine,United States,40.86565,-75.20657
Trenton,Michigan,United States,39.48089,-84.45772
Trenton,Michigan,United States,42.13949,-83.17826
Trenton,Michigan,United States,40.0789,-93.61661
Trenton,Michigan,United States,40.21705,-74.74294
Santa Clara,California,United States,-10.19156,15.43408
Santa Clara,California,United States,22.40711,-79.96581
Santa Clara,California,United States,40.19985,-8.44018
Santa Clara,California,United States,37.35411,-121.95524
Santa Clara,California,United States,37.13304,-113.65413
Tyler,Texas,United States,32.35126,-95.30106
Greenville,North Carolina,United States,5.01133,-9.0388
Greenville,North Carolina,United States,31.8296,-86.61775
Greenville,North Carolina,United States,38.89227,-89.41314
Greenville,North Carolina,United States,33.40898,-91.05978
Greenville,North Carolina,United States,35.61266,-77.36635
Greenville,North Carolina,United States,34.85262,-82.39401
Greenville,North Carolina,United States,33.13845,-96.11081
Greenville,North Carolina,United States,43.17753,-85.2528
Greenville,North Carolina,United States,40.99315,-73.81986
Greenville,North Carolina,United States,40.10283,-84.63301
Greenville,North Carolina,United States,41.4045,-80.39118
Greenville,North Carolina,United States,41.87121,-71.55201
Boca Raton,Florida,United States,26.35869,-80.0831
Carrollton,Texas,United States,33.58011,-85.07661
Carrollton,Texas,United States,32.95373,-96.89028
Carrollton,Texas,United States,43.45864,-83.93025
Johnson City,Tennessee,United States,36.31344,-82.35347
Johnson City,Tennessee,United States,42.11563,-75.95881
Provo,Utah,United States,40.23384,-111.65853
St. John's,Newfoundland and Labrador,Canada,47.56494,-52.70931
Olympia,Washington,United States,47.04491,-122.90169
Beverly,Massachusetts,United States,42.55843,-70.88005
Kent,Ohio,United States,41.15367,-81.35789
Kent,Ohio,United States,47.38093,-122.23484
Cottage Grove,Minnesota,United States,44.82774,-92.94382
Cottage Grove,Minnesota,United States,43.07611,-89.19956
Cottage Grove,Minnesota,United States,43.79762,-123.05952
Woodbury,Minnesota,United States,39.83817,-75.15268
Woodbury,Minnesota,United States,41.54454,-73.209
Woodbury,Minnesota,United States,44.92386,-92.95938
Woodbury,Minnesota,United States,40.82565,-73.46762
Woodbury,Minnesota,United States,41.36454,-74.10598
Perth Amboy,New Jersey,United States,40.50677,-74.26542
Leominster,Massachusetts,United States,52.22583,-2.74491
Leominster,Massachusetts,United States,42.52509,-71.75979
San Bernardino,California,United States,14.5424,-91.45811
San Bernardino,California,United States,19.47667,-98.89635
San Bernardino,California,United States,34.10834,-117.28977
Florence,South Carolina,United States,43.77925,11.24626
Florence,South Carolina,United States,34.79981,-87.67725
Florence,South Carolina,United States,38.99895,-84.62661
Florence,South Carolina,United States,34.19543,-79.76256
Florence,South Carolina,United States,33.03145,-111.38734
Florence,South Carolina,United States,43.98262,-124.09984
Spokane,Washington,United States,47.65966,-117.42908
Peoria,Arizona,United States,40.69365,-89.58899
Peoria,Arizona,United States,33.5806,-112.23738
Amarillo,Texas,United States,35.222,-101.8313
Hattiesburg,Mississippi,United States,31.32712,-89.29034
Eagan,Minnesota,United States,44.80413,-93.16689
Dubuque,Iowa,United States,42.50056,-90.66457
Rockford,Illinois,United States,42.27113,-89.094
Rockford,Illinois,United States,43.12003,-85.56003
Orland Park,Illinois,United States,41.63031,-87.85394
Burlington,Vermont,United States,43.38621,-79.83713
Burlington,Vermont,United States,39.02756,-84.72411
Burlington,Vermont,United States,36.09569,-79.4378
Burlington,Vermont,United States,40.80754,-91.11292
Burlington,Vermont,United States,42.50482,-71.19561
Burlington,Vermont,United States,40.07122,-74.86489
Burlington,Vermont,United States,44.47588,-73.21207
Burlington,Vermont,United States,42.67807,-88.2762
Burlington,Vermont,United States,48.47566,-122.32544
Roseville,Minnesota,United States,-33.78333,151.18333
Roseville,Minnesota,United States,42.49726,-82.93714
Roseville,Minnesota,United States,45.00608,-93.15661
Roseville,Minnesota,United States,38.75212,-121.28801
Lebanon,Tennessee,United States,37.56979,-85.25274
Lebanon,Tennessee,United States,37.6806,-92.66379
Lebanon,Tennessee,United States,39.43534,-84.20299
Lebanon,Tennessee,United States,36.20811,-86.2911
Lebanon,Tennessee,United States,40.04837,-86.46917
Lebanon,Tennessee,United States,43.39453,-70.85089
Lebanon,Tennessee,United States,43.64229,-72.25176
Lebanon,Tennessee,United States,40.34093,-76.41135
Lebanon,Tennessee,United States,44.53651,-122.90703
Frisco,Texas,United States,33.15067,-96.82361
Temecula,California,United States,33.49364,-117.14836
Gaithersburg,Maryland,United States,39.14344,-77.20137
Atlantic City,New Jersey,United States,39.36415,-74.42306
Sierra Vista,Arizona,United States,31.55454,-110.30369
La Crosse,Wisconsin,United States,43.80136,-91.23958
Norman,Oklahoma,United States,35.22257,-97.43948
Gastonia,North Carolina,United States,35.26208,-81.1873
San Clemente,California,United States,-35.53777,-71.487
San Clemente,California,United States,39.4041,-2.42819
San Clemente,California,United States,-13.66667,-76.15
San Clemente,California,United States,33.42697,-117.61199
Henderson,Nevada,United States,-36.88012,174.61975
Henderson,Nevada,United States,32.15322,-94.79938
Henderson,Nevada,United States,37.83615,-87.59001
Henderson,Nevada,United States,36.32959,-78.39916
Henderson,Nevada,United States,35.43924,-88.64144
Henderson,Nevada,United States,36.0397,-114.98194
Encinitas,California,United States,33.03699,-117.29198
Davis,California,United States,38.54491,-121.74052
Edinburg,Texas,United States,26.30174,-98.16334
Englewood,Colorado,United States,26.96201,-82.3526
Englewood,Colorado,United States,39.87756,-84.30217
Englewood,Colorado,United States,41.77976,-87.64588
Englewood,Colorado,United States,40.89288,-73.97264
Englewood,Colorado,United States,39.64777,-104.98776
Waco,Texas,United States,31.54933,-97.14667
The Colony,Texas,United States,33.08901,-96.88639
Bridgeton,New Jersey,United States,38.767,-90.41151
Bridgeton,New Jersey,United States,39.42734,-75.23408
Cheyenne,Wyoming,United States,41.13998,-104.82025
Vancouver,Washington,United States,49.24966,-123.11934
Vancouver,Washington,United States,45.63873,-122.66149
Murray,Kentucky,United States,36.61033,-88.31476
Murray,Kentucky,United States,40.66689,-111.88799
Ormond Beach,Florida,United States,29.28581,-81.05589
Westminster,California,United States,-31.86744,115.83919
Westminster,California,United States,39.57538,-76.99581
Westminster,California,United States,42.54592,-71.91063
Westminster,California,United States,33.75918,-118.00673
Westminster,California,United States,39.83665,-105.0372
Rochester Hills,Michigan,United States,42.65837,-83.14993
Pico Rivera,California,United States,33.98307,-118.09673
Waterloo,Iowa,United States,50.71469,4.3991
Waterloo,Iowa,United States,43.4668,-80.51639
Waterloo,Iowa,United States,-41.2155,174.9256
Waterloo,Iowa,United States,8.3389,-13.07091
Waterloo,Iowa,United States,38.33589,-90.14983
Waterloo,Iowa,United States,42.49276,-92.34296
Waterloo,Iowa,United States,42.90479,-76.86274
Modesto,California,United States,37.6391,-120.99688
Coachella,California,United States,33.6803,-116.17389
Renton,Washington,United States,47.48288,-122.21707
Danbury,Connecticut,United States,51.71645,0.58245
Danbury,Connecticut,United States,41.39482,-73.45401
Springfield,Virginia,United States,-27.65365,152.91716
Springfield,Virginia,United States,30.15326,-85.61132
Springfield,Virginia,United States,39.80172,-89.64371
Springfield,Virginia,United States,37.21533,-93.29824
Springfield,Virginia,United States,39.92423,-83.80882
Springfield,Virginia,United States,39.93067,-75.32019
Springfield,Virginia,United States,36.50921,-86.885
Springfield,Virginia,United States,38.78928,-77.1872
Springfield,Virginia,United States,42.10148,-72.58981
Springfield,Virginia,United States,42.32643,-85.23916
Springfield,Virginia,United States,40.70491,-74.31723
Springfield,Virginia,United States,44.04624,-123.02203
Mount Pleasant,South Carolina,United States,-32.03974,115.84993
Mount Pleasant,South Carolina,United States,51.07322,-114.07705
Mount Pleasant,South Carolina,United States,49.26667,-123.1
Mount Pleasant,South Carolina,United States,38.93067,-77.04081
Mount Pleasant,South Carolina,United States,32.79407,-79.86259
Mount Pleasant,South Carolina,United States,33.15679,-94.96827
Mount Pleasant,South Carolina,United States,40.96364,-91.55794
Mount Pleasant,South Carolina,United States,43.59781,-84.76751
Mount Pleasant,South Carolina,United States,40.06011,-75.18295
Mount Pleasant,South Carolina,United States,42.69743,-87.85577
Miami,Florida,United States,-28.07173,153.44158
Miami,Florida,United States,25.77427,-80.19366
Miami,Florida,United States,36.87451,-94.87746
Linden,New Jersey,United States,50.89494,4.77027
Linden,New Jersey,United States,52.36449,9.71157
Linden,New Jersey,United States,6.00815,-58.30724
Linden,New Jersey,United States,40.62205,-74.24459
Arlington,Texas,United States,35.2962,-89.66147
Arlington,Texas,United States,32.73569,-97.10807
Arlington,Texas,United States,38.88101,-77.10428
Arlington,Texas,United States,42.41537,-71.15644
Arlington,Texas,United States,48.19871,-122.12514
Roseville,California,United States,-33.78333,151.18333
Roseville,California,United States,42.49726,-82.93714
Roseville,California,United States,45.00608,-93.15661
Roseville,California,United States,38.75212,-121.28801
Hamilton,Ohio,United States,-37.74425,142.02202
Hamilton,Ohio,United States,-27.43896,153.06287
Hamilton,Ohio,United States,32.2949,-64.78303
Hamilton,Ohio,United States,43.25011,-79.84963
Hamilton,Ohio,United States,49.17401,-122.97428
Hamilton,Ohio,United States,55.76667,-4.03333
Hamilton,Ohio,United States,-37.78333,175.28333
Hamilton,Ohio,United States,34.14232,-87.98864
Hamilton,Ohio,United States,39.3995,-84.56134
Asheville,North Carolina,United States,35.60095,-82.55402
Decatur,Illinois,United States,34.60593,-86.98334
Decatur,Illinois,United States,33.77483,-84.29631
Decatur,Illinois,United States,39.84031,-88.9548
Decatur,Illinois,United States,33.23428,-97.58614
Decatur,Illinois,United States,40.8306,-84.92913
Mobile,Alabama,United States,30.69436,-88.04305
Bloomington,Indiana,United States,39.16533,-86.52639
Bloomington,Indiana,United States,40.4842,-88.99369
Bloomington,Indiana,United States,44.8408,-93.29828
Bloomington,Indiana,United States,34.07029,-117.39588
Arlington,Virginia,United States,35.2962,-89.66147
Arlington,Virginia,United States,32.73569,-97.10807
Arlington,Virginia,United States,38.88101,-77.10428
Arlington,Virginia,United States,42.41537,-71.15644
Arlington,Virginia,United States,48.19871,-122.12514
Lawrence,Massachusetts,United States,39.83865,-86.02526
Lawrence,Massachusetts,United States,38.97167,-95.23525
Lawrence,Massachusetts,United States,42.70704,-71.16311
Lawrence,Massachusetts,United States,40.61566,-73.72958
Kent,Washington,United States,41.15367,-81.35789
Kent,Washington,United States,47.38093,-122.23484
Milwaukee,Wisconsin,United States,43.0389,-87.90647
Cleveland,Ohio,United States,-27.52677,153.26516
Cleveland,Ohio,United States,33.744,-90.72482
Cleveland,Ohio,United States,35.15952,-84.87661
Cleveland,Ohio,United States,30.34132,-95.08549
Cleveland,Ohio,United States,41.4995,-81.69541
Midland,Michigan,United States,-31.88909,116.0107
Midland,Michigan,United States,44.7501,-79.88296
Midland,Michigan,United States,43.61558,-84.24721
Midland,Michigan,United States,31.99735,-102.07791
Midland,Michigan,United States,47.16704,-122.40484
Richmond,Virginia,United States,-37.81819,145.00176
Richmond,Virginia,United States,-33.59956,150.75142
Richmond,Virginia,United States,51.03056,-114.11389
Richmond,Virginia,United States,49.17003,-123.13683
Richmond,Virginia,United States,54.4036,-1.73434
Richmond,Virginia,United States,51.46171,-0.30633
Richmond,Virginia,United States,-41.33333,173.18333
Richmond,Virginia,United States,39.82894,-84.89024
Richmond,Virginia,United States,37.74786,-84.29465
Richmond,Virginia,United States,39.27862,-93.97689
Richmond,Virginia,United States,29.58218,-95.76078
Richmond,Virginia,United States,37.55376,-77.46026
Richmond,Virginia,United States,42.8092,-82.75576
Richmond,Virginia,United States,37.93576,-122.34775
Richmond,Virginia,United States,-29.87196,30.27235
Lakewood,New Jersey,United States,52.1085,-106.59027
Lakewood,New Jersey,United States,40.09789,-74.21764
Lakewood,New Jersey,United States,41.48199,-81.79819
Lakewood,New Jersey,United States,33.85363,-118.13396
Lakewood,New Jersey,United States,39.70471,-105.08137
Lakewood,New Jersey,United States,47.17176,-122.51846
Aurora,Illinois,United States,-6.9425,-38.9675
Aurora,Illinois,United States,-27.315,-49.6375
Aurora,Illinois,United States,44.00011,-79.46632
Aurora,Illinois,United States,45.0807,7.6873
Aurora,Illinois,United States,13.3476,122.5195
Aurora,Illinois,United States,7.9506,123.5826
Aurora,Illinois,United States,36.97089,-93.71798
Aurora,Illinois,United States,41.76058,-88.32007
Aurora,Illinois,United States,41.31755,-81.34539
Aurora,Illinois,United States,39.72943,-104.83192
Peoria,Illinois,United States,40.69365,-89.58899
Peoria,Illinois,United States,33.5806,-112.23738
Hempstead,New York,United States,30.09744,-96.07829
Hempstead,New York,United States,40.70621,-73.61874
Waynesboro,Virginia,United States,33.08987,-82.01567
Waynesboro,Virginia,United States,39.75593,-77.57777
Waynesboro,Virginia,United States,38.06847,-78.88947
Cincinnati,Ohio,United States,39.12711,-84.51439
Palm Coast,Florida,United States,29.58497,-81.20784
Woodstock,Georgia,United States,46.15796,-67.58377
Woodstock,Georgia,United States,43.13339,-80.7497
Woodstock,Georgia,United States,34.10149,-84.51938
Woodstock,Georgia,United States,38.88178,-78.50584
Woodstock,Georgia,United States,42.31474,-88.4487
Fayetteville,Arkansas,United States,36.06258,-94.15743
Fayetteville,Arkansas,United States,33.44873,-84.45493
Fayetteville,Arkansas,United States,35.05266,-78.87836
Fayetteville,Arkansas,United States,35.15203,-86.57055
Pasco,Washington,United States,46.23958,-119.10057
Tempe,Arizona,United States,33.41477,-111.90931
Chula Vista,California,United States,32.64005,-117.0842
Long Beach,California,United States,30.35048,-89.15282
Long Beach,California,United States,33.91045,-78.11777
Long Beach,California,United States,40.58844,-73.65791
Long Beach,California,United States,33.76696,-118.18923
Garland,Texas,United States,32.91262,-96.63888
Pasadena,California,United States,39.119,-76.57108
Pasadena,California,United States,29.69106,-95.2091
Pasadena,California,United States,34.14778,-118.14452
Newport News,Virginia,United States,36.98038,-76.42975
Garden City,Kansas,United States,49.16711,-123.12178
Garden City,Kansas,United States,32.11437,-81.154
Garden City,Kansas,United States,33.59295,-79.00865
Garden City,Kansas,United States,42.32559,-83.33104
Garden City,Kansas,United States,40.72677,-73.6343
Garden City,Kansas,United States,37.97169,-100.87266
Garden City,Kansas,United States,43.62211,-116.23817
Lorain,Ohio,United States,41.45282,-82.18237
Medina,Ohio,United States,-16.2225,-41.47694
Medina,Ohio,United States,4.51005,-73.34982
Medina,Ohio,United States,21.14972,-101.6225
Medina,Ohio,United States,8.91222,125.02444
Medina,Ohio,United States,45.03524,-93.58246
Medina,Ohio,United States,43.22006,-78.38697
Medina,Ohio,United States,41.13839,-81.86375
Nashville,Tennessee,United States,35.9746,-77.96554
Nashville,Tennessee,United States,36.16589,-86.78444
Wausau,Wisconsin,United States,44.95914,-89.63012
Redding,California,United States,40.58654,-122.39168
Moorhead,Minnesota,United States,46.87386,-96.76951
Cedar Hill,Texas,United States,32.58847,-96.95612
Franklin,Wisconsin,United States,-35.19946,149.14329
Franklin,Wisconsin,United States,36.72226,-86.57722
Franklin,Wisconsin,United States,29.79604,-91.5015
Franklin,Wisconsin,United States,39.55895,-84.30411
Franklin,Wisconsin,United States,35.92506,-86.86889
Franklin,Wisconsin,United States,36.67765,-76.92246
Franklin,Wisconsin,United States,39.48061,-86.05499
Franklin,Wisconsin,United States,42.08343,-71.39673
Franklin,Wisconsin,United States,43.44424,-71.6473
Franklin,Wisconsin,United States,41.39784,-79.83144
Franklin,Wisconsin,United States,42.88863,-88.03842
Saint Louis,Missouri,United States,43.40836,-84.60667
Skokie,Illinois,United States,42.03336,-87.73339
Oklahoma City,Oklahoma,United States,35.46756,-97.51643
Thornton,Colorado,United States,-32.78333,151.63333
Thornton,Colorado,United States,39.86804,-104.97192
Colorado Springs,Colorado,United States,38.83388,-104.82136
Providence,Rhode Island,United States,41.82399,-71.41283
Providence,Rhode Island,United States,41.70632,-111.81717
Bozeman,Montana,United States,45.67965,-111.03856
Hot Springs,Arkansas,United States,34.5037,-93.05518
New Castle,Indiana,United States,39.65948,-75.56359
New Castle,Indiana,United States,39.92894,-85.37025
New Castle,Indiana,United States,41.00367,-80.34701
Thousand Oaks,California,United States,34.17056,-118.83759
Norwich,Connecticut,United States,52.62783,1.29834
Norwich,Connecticut,United States,41.52426,-72.07591
Norwich,Connecticut,United States,42.53118,-75.52351
New Albany,Indiana,United States,38.28562,-85.82413
New Albany,Indiana,United States,34.49427,-89.00784
New Albany,Indiana,United States,40.08117,-82.80879
Frankfort,Illinois,United States,38.20091,-84.87328
Frankfort,Illinois,United States,41.49587,-87.84866
Frankfort,Illinois,United States,40.27948,-86.51084
Frankfort,Illinois,United States,-27.27888,28.49696
Carol Stream,Illinois,United States,41.91253,-88.13479
Redmond,Oregon,United States,44.27262,-121.17392
Redmond,Oregon,United States,47.67399,-122.12151
Redlands,California,United States,34.05557,-117.18254
Redlands,California,United States,39.07887,-108.63565
Quincy,Massachusetts,United States,30.58714,-84.58325
Quincy,Massachusetts,United States,39.9356,-91.40987
Quincy,Massachusetts,United States,42.25288,-71.00227
Quincy,Massachusetts,United States,47.2343,-119.85255
Franklin,Tennessee,United States,-35.19946,149.14329
Franklin,Tennessee,United States,36.72226,-86.57722
Franklin,Tennessee,United States,29.79604,-91.5015
Franklin,Tennessee,United States,39.55895,-84.30411
Franklin,Tennessee,United States,35.92506,-86.86889
Franklin,Tennessee,United States,36.67765,-76.92246
Franklin,Tennessee,United States,39.48061,-86.05499
Franklin,Tennessee,United States,42.08343,-71.39673
Franklin,Tennessee,United States,43.44424,-71.6473
Franklin,Tennessee,United States,41.39784,-79.83144
Franklin,Tennessee,United States,42.88863,-88.03842
Cambridge,Massachusetts,United States,43.3601,-80.31269
Cambridge,Massachusetts,United States,52.2,0.11667
Cambridge,Massachusetts,United States,-37.87822,175.4402
Cambridge,Massachusetts,United States,38.56317,-76.07883
Cambridge,Massachusetts,United States,42.3751,-71.10561
Cambridge,Massachusetts,United States,45.57274,-93.22439
Cambridge,Massachusetts,United States,40.03118,-81.58846
Sparks,Nevada,United States,39.53491,-119.75269
Santa Ana,California,United States,9.32125,-74.56848
Santa Ana,California,United States,9.9326,-84.18255
Santa Ana,California,United States,16.80582,-89.82708
Santa Ana,California,United States,30.5412,-111.11882
Santa Ana,California,United States,-12.86667,-72.71667
Santa Ana,California,United States,18.46986,122.14775
Santa Ana,California,United States,15.0955,120.767
Santa Ana,California,United States,8.51667,124.78333
Santa Ana,California,United States,13.98827,-89.55685
Santa Ana,California,United States,33.74557,-117.86783
Santa Ana,California,United States,11.06831,-63.92256
Santa Ana,California,United States,7.6429,-72.27636
Tallahassee,Florida,United States,30.43826,-84.28073
Missoula,Montana,United States,46.87215,-113.994
Longview,Washington,United States,32.5007,-94.74049
Longview,Washington,United States,46.13817,-122.93817
Redwood City,California,United States,37.48522,-122.23635
York,Pennsylvania,United States,53.95763,-1.08271
York,Pennsylvania,United States,39.9626,-76.72774
York,Pennsylvania,United States,34.9943,-81.24202
York,Pennsylvania,United States,40.86807,-97.592
Broomfield,Colorado,United States,39.92054,-105.08665
Fort Collins,Colorado,United States,40.58526,-105.08442
Stockton,California,United States,37.9577,-121.29078
Arvada,Colorado,United States,39.80276,-105.08748
Regina,Saskatchewan,Canada,50.45008,-104.6178
Coral Gables,Florida,United States,25.72149,-80.26838
La Porte,Texas,United States,29.66578,-95.01937
La Porte,Texas,United States,41.60774,-86.71389
Carlsbad,New Mexico,United States,33.15809,-117.35059
Carlsbad,New Mexico,United States,32.42067,-104.22884
Hickory,North Carolina,United States,35.73319,-81.3412
Richardson,Texas,United States,32.94818,-96.72972
Homestead,Florida,United States,25.46872,-80.47756
Tuscaloosa,Alabama,United States,33.20984,-87.56917
Fairfield,California,United States,-33.86667,150.95
Fairfield,California,United States,-37.77977,145.01764
Fairfield,California,United States,48.41667,-123.35
Fairfield,California,United States,49.06705,-122.31522
Fairfield,California,United States,33.48594,-86.91194
Fairfield,California,United States,38.37894,-88.35977
Fairfield,California,United States,39.34589,-84.5605
Fairfield,California,United States,41.14121,-73.26373
Fairfield,California,United States,41.00863,-91.96267
Fairfield,California,United States,42.21919,-88.06147
Fairfield,California,United States,40.88371,-74.30598
Fairfield,California,United States,38.24936,-122.03997
Oak Park,Michigan,United States,-37.71842,144.91945
Oak Park,Michigan,United States,38.30562,-85.69635
Oak Park,Michigan,United States,41.88503,-87.7845
Oak Park,Michigan,United States,42.45948,-83.18271
Oak Park,Michigan,United States,34.17917,-118.76287
Commerce City,Colorado,United States,39.80832,-104.93387
Jupiter,Florida,United States,26.93422,-80.09421
Gladstone,Missouri,United States,-23.84852,151.25775
Gladstone,Missouri,United States,39.20389,-94.55468
Gladstone,Missouri,United States,45.38068,-122.59481
Abilene,Texas,United States,38.91722,-97.21391
Abilene,Texas,United States,32.44874,-99.73314
Palatine,Illinois,United States,42.1103,-88.03424
Henderson,Kentucky,United States,-36.88012,174.61975
Henderson,Kentucky,United States,32.15322,-94.79938
Henderson,Kentucky,United States,37.83615,-87.59001
Henderson,Kentucky,United States,36.32959,-78.39916
Henderson,Kentucky,United States,35.43924,-88.64144
Henderson,Kentucky,United States,36.0397,-114.98194
Athens,Georgia,United States,37.98376,23.72784
Athens,Georgia,United States,33.96095,-83.37794
Athens,Georgia,United States,39.32924,-82.10126
Athens,Georgia,United States,35.44285,-84.59299
Athens,Georgia,United States,32.20487,-95.85552
Athens,Georgia,United States,34.80243,-86.97219
Los Angeles,California,United States,40.35579,-3.69914
Los Angeles,California,United States,34.05223,-118.24368
Dover,Delaware,United States,51.01991,-113.99294
Dover,Delaware,United States,51.12598,1.31257
Dover,Delaware,United States,1.30458,103.78031
Dover,Delaware,United States,39.15817,-75.52437
Dover,Delaware,United States,43.19786,-70.87367
Dover,Delaware,United States,40.88399,-74.5621
Dover,Delaware,United States,40.52062,-81.47401
Smyrna,Tennessee,United States,39.29983,-75.60465
Smyrna,Tennessee,United States,33.88399,-84.51438
Smyrna,Tennessee,United States,35.98284,-86.5186
Lafayette,Indiana,United States,34.7048,-85.2819
Lafayette,Indiana,United States,30.22409,-92.01984
Lafayette,Indiana,United States,40.4167,-86.87529
Lafayette,Indiana,United States,37.88576,-122.11802
Lafayette,Indiana,United States,39.9936,-105.08971
New York City,New York,United States,40.71427,-74.00597
Saint Petersburg,Florida,United States,59.93863,30.31413
Columbia,Missouri,United States,43.48468,-80.53349
Columbia,Missouri,United States,38.44366,-90.20122
Columbia,Missouri,United States,39.24038,-76.83942
Columbia,Missouri,United States,38.95171,-92.33407
Columbia,Missouri,United States,31.25184,-89.83758
Columbia,Missouri,United States,34.00071,-81.03481
Columbia,Missouri,United States,35.61507,-87.03528
Columbia,Missouri,United States,40.03371,-76.50441
Chicago,Illinois,United States,41.85003,-87.65005
Moreno Valley,California,United States,33.93752,-117.23059
Huntington Beach,California,United States,33.6603,-117.99923
Raleigh,North Carolina,United States,35.7721,-78.63861
Tucson,Arizona,United States,32.22174,-110.92648
Long Beach,New York,United States,30.35048,-89.15282
Long Beach,New York,United States,33.91045,-78.11777
Long Beach,New York,United States,40.58844,-73.65791
Long Beach,New York,United States,33.76696,-118.18923
Dearborn Heights,Michigan,United States,42.33698,-83.27326
Toledo,Ohio,United States,-24.71361,-53.74306
Toledo,Ohio,United States,-22.74306,-46.37194
Toledo,Ohio,United States,7.30984,-72.48295
Toledo,Ohio,United States,39.8581,-4.02263
Toledo,Ohio,United States,10.3773,123.6386
Toledo,Ohio,United States,41.66394,-83.55521
Rochester,New York,United States,51.38764,0.50546
Rochester,New York,United States,41.06476,-86.21583
Rochester,New York,United States,42.68059,-83.13382
Rochester,New York,United States,44.02163,-92.4699
Rochester,New York,United States,43.30453,-70.97562
Rochester,New York,United States,43.15478,-77.61556
Jackson,Michigan,United States,37.38227,-89.66621
Jackson,Michigan,United States,32.29876,-90.18481
Jackson,Michigan,United States,39.7765,-74.86238
Jackson,Michigan,United States,39.05202,-82.63655
Jackson,Michigan,United States,35.61452,-88.81395
Jackson,Michigan,United States,42.24587,-84.40135
Jackson,Michigan,United States,43.32389,-88.16676
Jackson,Michigan,United States,43.47993,-110.76243
San Antonio,Texas,United States,-33.59473,-71.60746
San Antonio,Texas,United States,9.93303,-74.69346
San Antonio,Texas,United States,3.91423,-75.48009
San Antonio,Texas,United States,9.9816,-84.18592
San Antonio,Texas,United States,-17.21718,-70.92593
San Antonio,Texas,United States,15.3062,120.856
San Antonio,Texas,United States,14.94659,120.08673
San Antonio,Texas,United States,18.44884,-66.30267
San Antonio,Texas,United States,-25.42126,-57.54725
San Antonio,Texas,United States,29.42412,-98.49363
San Antonio,Texas,United States,10.11914,-63.72535
Freeport,Illinois,United States,26.53333,-78.7
Freeport,Illinois,United States,28.95414,-95.35966
Freeport,Illinois,United States,42.29669,-89.62123
Freeport,Illinois,United States,40.6576,-73.58318
Hialeah,Florida,United States,25.8576,-80.27811
West Jordan,Utah,United States,40.60967,-111.9391
Murray,Utah,United States,36.61033,-88.31476
Murray,Utah,United States,40.66689,-111.88799
Lawton,Oklahoma,United States,34.60869,-98.39033
Phoenix,Arizona,United States,33.44838,-112.07404
Louisville,Colorado,United States,38.25424,-85.75941
Louisville,Colorado,United States,33.12374,-89.05506
Louisville,Colorado,United States,40.83728,-81.25955
Louisville,Colorado,United States,39.97776,-105.13193
Deltona,Florida,United States,28.90054,-81.26367
El Cajon,California,United States,32.79477,-116.96253
Buffalo,New York,United States,45.17191,-93.87469
Buffalo,New York,United States,42.88645,-78.87837
Hollywood,Florida,United States,26.0112,-80.14949
Hollywood,Florida,United States,34.09834,-118.32674
Oswego,Illinois,United States,41.68281,-88.35146
Oswego,Illinois,United States,43.45535,-76.5105
Gresham,Oregon,United States,45.49818,-122.43148
Oxnard,California,United States,34.1975,-119.17705
Odessa,Texas,United States,28.1939,-82.59176
Odessa,Texas,United States,38.99917,-93.95356
Odessa,Texas,United States,31.84568,-102.36764
Clarksville,Tennessee,United States,35.47147,-93.46657
Clarksville,Tennessee,United States,38.29674,-85.75996
Clarksville,Tennessee,United States,36.52977,-87.35945
Durham,North Carolina,United States,54.77676,-1.57566
Durham,North Carolina,United States,35.99403,-78.89862
Durham,North Carolina,United States,43.13397,-70.92645
Durham,North Carolina,United States,39.64627,-121.79998
Concord,New Hampshire,United States,-33.84722,151.10381
Concord,New Hampshire,United States,43.80011,-79.48291
Concord,New Hampshire,United States,38.5245,-90.35734
Concord,New Hampshire,United States,35.40888,-80.58158
Concord,New Hampshire,United States,42.46037,-71.34895
Concord,New Hampshire,United States,43.20814,-71.53757
Concord,New Hampshire,United States,40.60816,-74.08431
Concord,New Hampshire,United States,37.97798,-122.03107
Monroe,Louisiana,United States,33.79484,-83.71323
Monroe,Louisiana,United States,32.50931,-92.1193
Monroe,Louisiana,United States,34.98543,-80.54951
Monroe,Louisiana,United States,39.44034,-84.36216
Monroe,Louisiana,United States,41.91643,-83.39771
Monroe,Louisiana,United States,41.33065,-74.18681
Monroe,Louisiana,United States,42.60112,-89.63845
Monroe,Louisiana,United States,47.85538,-121.97096
Woonsocket,Rhode Island,United States,42.00288,-71.51478
Gilbert,Arizona,United States,33.35283,-111.78903
Altoona,Pennsylvania,United States,41.64416,-93.46466
Altoona,Pennsylvania,United States,40.51868,-78.39474
Altoona,Pennsylvania,United States,44.80468,-91.44321
Bethlehem,Pennsylvania,United States,-37.69496,176.10861
Bethlehem,Pennsylvania,United States,31.70487,35.20376
Bethlehem,Pennsylvania,United States,40.62593,-75.37046
Bethlehem,Pennsylvania,United States,-28.23078,28.30707
Plantation,Florida,United States,26.13421,-80.23184
Chico,California,United States,39.72849,-121.83748
Farmington,New Mexico,United States,36.04202,-94.24715
Farmington,New Mexico,United States,37.78088,-90.42179
Farmington,New Mexico,United States,41.71982,-72.83204
Farmington,New Mexico,United States,42.46448,-83.37632
Farmington,New Mexico,United States,44.64024,-93.14355
Farmington,New Mexico,United States,36.72806,-108.21869
Farmington,New Mexico,United States,40.9805,-111.88744
Daytona Beach,Florida,United States,29.21081,-81.02283
Troy,Ohio,United States,31.80877,-85.96995
Troy,Ohio,United States,38.72921,-89.88315
Troy,Ohio,United States,38.97949,-90.9807
Troy,Ohio,United States,42.60559,-83.14993
Troy,Ohio,United States,42.72841,-73.69179
Troy,Ohio,United States,40.0395,-84.20328
Cuyahoga Falls,Ohio,United States,41.13394,-81.48456
Wichita,Kansas,United States,37.69224,-97.33754
Manchester,Connecticut,United States,53.48095,-2.23743
Manchester,Connecticut,United States,39.66121,-76.88498
Manchester,Connecticut,United States,38.597,-90.50929
Manchester,Connecticut,United States,35.48174,-86.0886
Manchester,Connecticut,United States,41.77593,-72.52148
Manchester,Connecticut,United States,42.48415,-91.45543
Manchester,Connecticut,United States,42.99564,-71.45479
Manchester,Connecticut,United States,47.55566,-122.54507
South Bend,Indiana,United States,41.68338,-86.25001
Allentown,Pennsylvania,United States,40.60843,-75.49018
Charlottesville,Virginia,United States,38.02931,-78.47668
La Quinta,California,United States,33.66336,-116.31001
Lincoln Park,Michigan,United States,41.9217,-87.64783
Lincoln Park,Michigan,United States,42.25059,-83.17854
Lincoln Park,Michigan,United States,40.92427,-74.30209
Broken Arrow,Oklahoma,United States,36.0526,-95.79082
Murfreesboro,Tennessee,United States,35.84562,-86.39027
Helena,Montana,United States,33.29622,-86.8436
Helena,Montana,United States,34.52955,-90.59177
Helena,Montana,United States,46.59271,-112.03611
Pembroke Pines,Florida,United States,26.00315,-80.22394
Dearborn,Michigan,United States,42.32226,-83.17631
Round Rock,Texas,United States,30.50826,-97.6789
Bryan,Texas,United States,30.67436,-96.36996
Bryan,Texas,United States,41.47477,-84.55245
Roseville,Michigan,United States,-33.78333,151.18333
Roseville,Michigan,United States,42.49726,-82.93714
Roseville,Michigan,United States,45.00608,-93.15661
Roseville,Michigan,United States,38.75212,-121.28801
Pensacola,Florida,United States,30.42131,-87.21691
Twin Falls,Idaho,United States,42.56297,-114.46087
Laguna Niguel,California,United States,33.52253,-117.70755
Lake Forest,California,United States,25.97759,-80.1831
Lake Forest,California,United States,42.25863,-87.84063
Lake Forest,California,United States,33.64697,-117.68922
Conroe,Texas,United States,30.31188,-95.45605
Greenwood,Indiana,United States,-31.82723,115.80247
Greenwood,Indiana,United States,44.97413,-64.93169
Greenwood,Indiana,United States,35.21565,-94.25577
Greenwood,Indiana,United States,39.61366,-86.10665
Greenwood,Indiana,United States,38.85168,-94.34384
Greenwood,Indiana,United States,33.51623,-90.17953
Greenwood,Indiana,United States,34.1954,-82.16179
Greenwood,Indiana,United States,47.69428,-122.35491
Torrance,California,United States,33.83585,-118.34063
Kissimmee,Florida,United States,28.30468,-81.41667
Sanford,Florida,United States,28.80055,-81.27312
Sanford,Florida,United States,35.47988,-79.1803
Sanford,Florida,United States,43.43925,-70.77422
Pearland,Texas,United States,29.56357,-95.28605
San Mateo,California,United States,14.858,-91.59004
San Mateo,California,United States,16.88206,121.58694
San Mateo,California,United States,14.6982,121.1236
San Mateo,California,United States,37.56299,-122.32553
San Mateo,California,United States,10.21302,-67.42365
San Mateo,California,United States,9.74004,-64.54937
Inglewood,California,United States,-31.91663,115.8798
Inglewood,California,United States,53.56203,-113.53598
Inglewood,California,United States,33.96168,-118.35313
Saint Cloud,Minnesota,United States,28.2489,-81.28118
Saint Cloud,Minnesota,United States,45.5608,-94.16249
Sunnyvale,California,United States,-36.8882,174.63019
Sunnyvale,California,United States,32.79652,-96.56082
Sunnyvale,California,United States,37.36883,-122.03635
Dublin,California,United States,53.33306,-6.24889
Dublin,California,United States,32.54044,-82.90375
Dublin,California,United States,40.09923,-83.11408
Dublin,California,United States,37.70215,-121.93579
Whittier,California,United States,33.97918,-118.03284
Burlington,Iowa,United States,43.38621,-79.83713
Burlington,Iowa,United States,39.02756,-84.72411
Burlington,Iowa,United States,36.09569,-79.4378
Burlington,Iowa,United States,40.80754,-91.11292
Burlington,Iowa,United States,42.50482,-71.19561
Burlington,Iowa,United States,40.07122,-74.86489
Burlington,Iowa,United States,44.47588,-73.21207
Burlington,Iowa,United States,42.67807,-88.2762
Burlington,Iowa,United States,48.47566,-122.32544
Naperville,Illinois,United States,41.78586,-88.14729
Philadelphia,Pennsylvania,United States,32.77152,-89.11673
Philadelphia,Pennsylvania,United States,39.95238,-75.16362
Laredo,Texas,United States,43.4098,-3.41613
Laredo,Texas,United States,-8.08965,-78.9602
Laredo,Texas,United States,27.50641,-99.50754
Rapid City,South Dakota,United States,44.08054,-103.23101
Detroit,Michigan,United States,42.33143,-83.04575
Escondido,California,United States,33.11921,-117.08642
North Las Vegas,Nevada,United States,36.19886,-115.1175
Woodstock,Illinois,United States,46.15796,-67.58377
Woodstock,Illinois,United States,43.13339,-80.7497
Woodstock,Illinois,United States,34.10149,-84.51938
Woodstock,Illinois,United States,38.88178,-78.50584
Woodstock,Illinois,United States,42.31474,-88.4487
Royal Oak,Michigan,United States,51.14349,-114.22245
Royal Oak,Michigan,United States,48.48333,-123.38333
Royal Oak,Michigan,United States,-36.9082,174.77019
Royal Oak,Michigan,United States,42.48948,-83.14465
Lakeland,Florida,United States,28.03947,-81.9498
Lakeland,Florida,United States,35.23064,-89.74036
Plano,Texas,United States,33.01984,-96.69889
Plano,Texas,United States,41.66281,-88.53702
Decatur,Alabama,United States,34.60593,-86.98334
Decatur,Alabama,United States,33.77483,-84.29631
Decatur,Alabama,United States,39.84031,-88.9548
Decatur,Alabama,United States,33.23428,-97.58614
Decatur,Alabama,United States,40.8306,-84.92913
Glendale,Arizona,United States,38.59589,-90.37706
Glendale,Arizona,United States,40.70149,-73.8868
Glendale,Arizona,United States,43.13529,-87.93564
Glendale,Arizona,United States,33.53865,-112.18599
Glendale,Arizona,United States,34.14251,-118.25508
Glendale,Arizona,United States,39.70499,-104.93359
Glendale,Arizona,United States,-17.35514,31.06718
Great Falls,Montana,United States,38.99817,-77.28832
Great Falls,Montana,United States,47.50024,-111.30081
Redondo Beach,California,United States,33.84918,-118.38841
Jamestown,New York,United States,-15.92488,-5.71816
Jamestown,New York,United States,46.91054,-98.70844
Jamestown,New York,United States,42.097,-79.23533
Jamestown,New York,United States,41.49705,-71.36728
Appleton,Wisconsin,United States,44.26193,-88.41538
Eau Claire,Wisconsin,United States,44.81135,-91.49849
Dover,New Hampshire,United States,51.01991,-113.99294
Dover,New Hampshire,United States,51.12598,1.31257
Dover,New Hampshire,United States,1.30458,103.78031
Dover,New Hampshire,United States,39.15817,-75.52437
Dover,New Hampshire,United States,43.19786,-70.87367
Dover,New Hampshire,United States,40.88399,-74.5621
Dover,New Hampshire,United States,40.52062,-81.47401
Concord,North Carolina,United States,-33.84722,151.10381
Concord,North Carolina,United States,43.80011,-79.48291
Concord,North Carolina,United States,38.5245,-90.35734
Concord,North Carolina,United States,35.40888,-80.58158
Concord,North Carolina,United States,42.46037,-71.34895
Concord,North Carolina,United States,43.20814,-71.53757
Concord,North Carolina,United States,40.60816,-74.08431
Concord,North Carolina,United States,37.97798,-122.03107
Plainfield,New Jersey,United States,39.70421,-86.39944
Plainfield,New Jersey,United States,41.67649,-71.91507
Plainfield,New Jersey,United States,41.62697,-88.20395
Plainfield,New Jersey,United States,40.63371,-74.40737
Aurora,Colorado,United States,-6.9425,-38.9675
Aurora,Colorado,United States,-27.315,-49.6375
Aurora,Colorado,United States,44.00011,-79.46632
Aurora,Colorado,United States,45.0807,7.6873
Aurora,Colorado,United States,13.3476,122.5195
Aurora,Colorado,United States,7.9506,123.5826
Aurora,Colorado,United States,36.97089,-93.71798
Aurora,Colorado,United States,41.76058,-88.32007
Aurora,Colorado,United States,41.31755,-81.34539
Aurora,Colorado,United States,39.72943,-104.83192
New Rochelle,New York,United States,40.91149,-73.78235
Fairfield,Connecticut,United States,-33.86667,150.95
Fairfield,Connecticut,United States,-37.77977,145.01764
Fairfield,Connecticut,United States,48.41667,-123.35
Fairfield,Connecticut,United States,49.06705,-122.31522
Fairfield,Connecticut,United States,33.48594,-86.91194
Fairfield,Connecticut,United States,38.37894,-88.35977
Fairfield,Connecticut,United States,39.34589,-84.5605
Fairfield,Connecticut,United States,41.14121,-73.26373
Fairfield,Connecticut,United States,41.00863,-91.96267
Fairfield,Connecticut,United States,42.21919,-88.06147
Fairfield,Connecticut,United States,40.88371,-74.30598
Fairfield,Connecticut,United States,38.24936,-122.03997
Oceanside,New York,United States,40.63871,-73.64013
Oceanside,New York,United States,33.19587,-117.37948
Macon,Georgia,United States,32.84069,-83.6324
Macon,Georgia,United States,39.74226,-92.47269
Beaumont,Texas,United States,50.23699,4.23926
Beaumont,Texas,United States,53.35013,-113.41871
Beaumont,Texas,United States,45.75165,3.08294
Beaumont,Texas,United States,53.38721,-6.22713
Beaumont,Texas,United States,30.08605,-94.10185
Beaumont,Texas,United States,33.92946,-116.97725
Rancho Cucamonga,California,United States,34.1064,-117.59311
Cranston,Rhode Island,United States,50.88852,-113.98144
Cranston,Rhode Island,United States,41.77982,-71.43728
Avondale,Arizona,United States,-36.88333,174.7
Avondale,Arizona,United States,41.93892,-87.71117
Avondale,Arizona,United States,33.4356,-112.3496
Irving,Texas,United States,32.81402,-96.94889
Wilmington,Delaware,United States,39.74595,-75.54659
Wilmington,Delaware,United States,34.23556,-77.94604
Wilmington,Delaware,United States,39.44534,-83.82854
Wilmington,Delaware,United States,41.30781,-88.14672
Wilmington,Delaware,United States,42.54648,-71.17367
Wilmington,Delaware,United States,33.78002,-118.26257
Salt Lake City,Utah,United States,40.76078,-111.89105
Clinton,Maryland,United States,-23.87518,151.21793
Clinton,Maryland,United States,38.76511,-76.89831
Clinton,Maryland,United States,38.36863,-93.77827
Clinton,Maryland,United States,32.34153,-90.32176
Clinton,Maryland,United States,34.99795,-78.32333
Clinton,Maryland,United States,35.51561,-98.96731
Clinton,Maryland,United States,34.47263,-81.88066
Clinton,Maryland,United States,36.10341,-84.13186
Clinton,Maryland,United States,41.84447,-90.18874
Clinton,Maryland,United States,40.15365,-88.96453
Clinton,Maryland,United States,42.41676,-71.68285
Clinton,Maryland,United States,41.13967,-112.0505
Florence,Alabama,United States,43.77925,11.24626
Florence,Alabama,United States,34.79981,-87.67725
Florence,Alabama,United States,38.99895,-84.62661
Florence,Alabama,United States,34.19543,-79.76256
Florence,Alabama,United States,33.03145,-111.38734
Florence,Alabama,United States,43.98262,-124.09984
Park Ridge,Illinois,United States,42.01114,-87.84062
Park Ridge,Illinois,United States,41.0376,-74.0407
Lancaster,California,United States,54.04649,-2.79988
Lancaster,California,United States,39.71368,-82.59933
Lancaster,California,United States,34.72043,-80.7709
Lancaster,California,United States,32.59208,-96.75611
Lancaster,California,United States,42.45565,-71.67312
Lancaster,California,United States,42.90061,-78.67031
Lancaster,California,United States,40.03788,-76.30551
Lancaster,California,United States,34.69804,-118.13674
Coral Springs,Florida,United States,51.10139,-113.93056
Coral Springs,Florida,United States,26.27119,-80.2706
Normal,Illinois,United States,40.5142,-88.99063
Bakersfield,California,United States,35.37329,-119.01871
Florence,Kentucky,United States,43.77925,11.24626
Florence,Kentucky,United States,34.79981,-87.67725
Florence,Kentucky,United States,38.99895,-84.62661
Florence,Kentucky,United States,34.19543,-79.76256
Florence,Kentucky,United States,33.03145,-111.38734
Florence,Kentucky,United States,43.98262,-124.09984
Holland,Michigan,United States,42.78752,-86.10893
Oceanside,California,United States,40.63871,-73.64013
Oceanside,California,United States,33.19587,-117.37948
Bayonne,New Jersey,United States,43.49316,-1.473
Bayonne,New Jersey,United States,40.66871,-74.11431
Quincy,Illinois,United States,30.58714,-84.58325
Quincy,Illinois,United States,39.9356,-91.40987
Quincy,Illinois,United States,42.25288,-71.00227
Quincy,Illinois,United States,47.2343,-119.85255
Warner Robins,Georgia,United States,32.61574,-83.62664
Rio Rancho,New Mexico,United States,35.23338,-106.66447
Morristown,New Jersey,United States,36.21398,-83.29489
Morristown,New Jersey,United States,40.79677,-74.48154
Morristown,New Jersey,United States,44.55727,-72.62373
Champaign,Illinois,United States,40.11642,-88.24338
Glenview,Illinois,United States,42.06975,-87.78784
Bullhead City,Arizona,United States,35.14778,-114.5683
Visalia,California,United States,36.33023,-119.29206
Saint Peters,Missouri,United States,51.36667,1.41667
Saint Peters,Missouri,United States,16.7727,-62.21729
Saint Peters,Missouri,United States,38.80033,-90.62651
Grapevine,Texas,United States,32.93429,-97.07807
Salem,Virginia,United States,47.76258,9.29031
Salem,Virginia,United States,11.65376,78.15538
Salem,Virginia,United States,38.62699,-88.94562
Salem,Virginia,United States,38.60561,-86.10109
Salem,Virginia,United States,37.29347,-80.05476
Salem,Virginia,United States,42.51977,-70.89552
Salem,Virginia,United States,42.78842,-71.20089
Salem,Virginia,United States,40.90089,-80.85675
Salem,Virginia,United States,42.55474,-88.11092
Salem,Virginia,United States,40.05301,-111.67354
Salem,Virginia,United States,44.9429,-123.0351
Waterbury,Connecticut,United States,41.55815,-73.0515
Georgetown,Kentucky,United States,43.65011,-79.91634
Georgetown,Kentucky,United States,6.80448,-58.15527
Georgetown,Kentucky,United States,-7.92861,-14.41194
Georgetown,Kentucky,United States,38.90483,-77.06248
Georgetown,Kentucky,United States,38.69011,-75.38547
Georgetown,Kentucky,United States,31.98326,-81.22733
Georgetown,Kentucky,United States,38.2098,-84.55883
Georgetown,Kentucky,United States,33.37683,-79.2945
Georgetown,Kentucky,United States,30.63269,-97.67723
Georgetown,Kentucky,United States,13.28054,-61.1185
Wheeling,Illinois,United States,42.13919,-87.92896
Wheeling,Illinois,United States,40.06396,-80.72091
Redmond,Washington,United States,44.27262,-121.17392
Redmond,Washington,United States,47.67399,-122.12151
Keller,Texas,United States,32.93457,-97.25168
Hoover,Alabama,United States,33.40539,-86.81138
Missouri City,Texas,United States,29.61857,-95.53772
Independence,Missouri,United States,37.22424,-95.70831
Independence,Missouri,United States,38.94312,-84.54411
Independence,Missouri,United States,39.09112,-94.41551
Independence,Missouri,United States,42.4686,-91.88934
Independence,Missouri,United States,41.36866,-81.6379
Independence,Missouri,United States,44.85123,-123.18677
Meridian,Idaho,United States,32.36431,-88.70366
Meridian,Idaho,United States,43.61211,-116.39151
Elyria,Ohio,United States,41.36838,-82.10765
Saginaw,Michigan,United States,32.86013,-97.36391
Saginaw,Michigan,United States,43.41947,-83.95081
Summerville,South Carolina,United States,33.0185,-80.17565
Port Orange,Florida,United States,29.13832,-80.99561
